,0
0,jimmy fallon
1,P!nk
2,Bill Gates
3,LeBron James
4,Kaka
5,Adele
6,Niall Horan
7,Kevin Hart
8,Neymar Jr
9,David Guetta
10,ashton kutcher
11,zayn
12,Mariah Carey
13,Ed Sheeran
14,Jim Carrey
15,KANYE WEST
16,Aamir Khan
17,AGNEZ MO
18,Ryan Seacrest
19,will.i.am
20,Tyra Banks
21,Wayne Rooney
22,Kylie Jenner
23,snap - mionoficial
24,Stephen Fry
25,Russell Brand
26,SHAQ
27,Kelly Clarkson
28,Tom Hanks
29,Sherina Sinna
30,Nick Jonas
31,Victoria Justice
32,Lindsay Lohan
33,Austin Mahone
34,Victoria Beckham
35,Jessica Alba
36,Rafa Nadal
37,William Bonner
38,Jessie J
39,Marc Anthony
40,Pharrell Williams
41,Kobe Bryant
42,Channing Tatum
43,Sonam Kapoor
44,David Luiz
45,Gareth Bale
46,John Cena
47,Elissa
48,Little Mix
49,Angel Locsin
50,Pegg News
51,NE-YO
52,Richard Branson
53,Floyd Mayweather
54,Anderson Cooper
55,bella thorne
56,Holly Willoughby
57,T.I.
58,Zendaya
59,Ceará - Wellington
60,Kris Jenner
61,Hugh Jackman
62,AKON
63,Jason Mraz
64,Nina Dobrev
65,Chicharito Hernandez
66,atademirer
67,Scott Disick
68,Jaden Smith
69,Jimmy Carr
70,Jeremy Clarkson
71,أ. د. طارق الحبيب
72,د. طارق السويدان
73,Ellie Goulding
74,Kiran Bedi
75,lily
76,Demi Moore
77,KATH
78,Samuel L. Jackson
79,Ahlam - احلام
80,INDONESIAinLOVE
81,Meek Mill
82,Rita Ora
83,Angel Rivera
84,Mindy Kaling
85,David De Gea
86,kevin jonas
87,Jonah Hill
88,DWade
89,LINKIN PARK
90,Suresh Raina
91,Alan Carr
92,Prince Royce
93,Jesse & Joy Oficial
94,Ollaufar
95,John Green
96,Instagram  @LLCOOLJ
97,Lea Michele
98,Piers Morgan
99,Aluna Sagita Gutawa
100,Jamie Foxx
101,الشيخ صالح المغامسي
102,Steve Carell
103,GloriaTrevi
104,Vijay Mallya 
105,DJ Pauly D
106,Lucero
107,Paula
108,Kevin Spacey
109,Gary Lineker
110,Jordin Sparks
111,juliaperez
112,Eden hazard
113,INDRA BEKTI
114,angelica huck
115,Tony Hawk
116,Tyler Perry
117,PSY
118,DΞΒΒΥ RΥΛΠ
119,Yordi Rosado
120,Joel Osteen
121,Diego Torres
122,Roger Federer
123,Lorde
124,Green Day
125,Tiësto
126,PARAMORE
127,Kevin Aprilio
128,Paul Pierce
129,Valentino Rossi
130,ariefmuhammad
131,Jim Jones 
132,عبدالرحمن بن مساعد
133,Joel McHale
134,Nani
135,Big Time Rush
136,SAM SMITH
137,Emily Osment
138,FREDDY
139,Danny DeVito
140,Paula Fernandes
141,Arnold
142,Russell Simmons
143,brozo xmiswebs
144,amanda bynes
145,Jessica Cediel
146,MC HAMMER
147,Fergie
148,Fonseca
149,Rick G. Rosner
150,بتال القوس 
151,Peter Andre
152,Toni Kroos
153,Gemma Styles
154,MarQuis Trill
155,وليد_الفراج#
156,Fabolous
157,Seth Rogen
158,Dr Elio Keller
159,DavidKWilliams
160,Slash
161,숮이
162,michael owen
163,Manuel Neuer
164,Janet Jackson
165,ROLA
166,Vision Implementer  
167,Reik
168,Dane Cook
169,David Copperfield
170,Suso el Paspi
171,James Maslow
172,lafouine
173,Oscar
174,Caspar Lee
175,BoA
176,Danielle Peazer
177,James Harden
178,Joseph Barton
179,Sandara Park
180,SUPER
181,Rossa Roslaina
182,محمد العوضي
183,Metallica
184,Tim Tebow
185,Giovanna Antonelli
186,Josh Hutcherson
187,Assi Hallani
188,Aljassmi حسين الجسمي
189,The Weeknd
190,Pearl Jam
191,Shawn Michaels
192,Justin
193,Steve Harvey
194,AB de Villiers
195,Erin Andrews
196,Wil SCREAMton
197,Gabrielle Union
198,Jason Aldean
199,Chris Evans
200,Mark Wright
201,The Beatles
202,Sintonia Verso
203,Axel
204,Dr. Dre
205,Kat Graham
206,Elon Musk
207,Mark Wahlberg
208,Deddy Mahendra Desta
209,Missy Elliott
210,The Killers
211,Dadcula
212,Elizabeth Gillies
213,Markus Persson
214,Emilio Lovera
215,Trevor Noah
216,OneRepublic
217,arjun rampal
218,kerry washington
219,عمر الملحم
220,Carlos PenaVega
221,Gisella Anastasia
222,Paul Walker
223,YASSER.S.ALQAHTANI
224,Ian McKellen
225,Larry King
226,Ice Cube
227,Jeremy Piven
228,Chris Colfer
229,Paul McCartney
230,Mandy Moore
231,Bill Nye
232,♛ ᴏʟᴀ ᴀʟғᴀʀᴇs ♛﹟HKJ
233,Denise Richards
234,Kyrie Irving
235,☁︎jc
236,DJ KHALED
237,Jason Segel
238,andhika pratama
239,karylletatlonghari
240,Jeremy Bieber
241,Nathan Kress
242,sarah sechan
243,Sidharth Malhotra
244,Coach
245,Jodi Sta.Maria
246,Danna Paola
247,Siyovush Dustov
248,Pepe
249,Shane Warne
250,Booba
251,Mustafa Hosny
252,Ismael Cala
253,Dani Martínez
254,Marco Reus
255,bob saget
256,Tom Felton
257,Sharon Osbourne
258,Jota Quest Oficial
259,Maria Shriver
260,Stromae
261,Neil Gaiman
262,David Spade
263,Paula Abdul
264,Daniel Bryan
265,Michael Bublé
266,bonno van der putten
267,BIRDMAN
268,Troian
269,juicy j
270,Seu Jorge
