,name,birth_date,twitter
0,Katy Perry,{{Birth date and age|1984|10|25}},katyperry
1,Justin Bieber,{{Birth date and age|1994|3|1}},justinbieber
2,Taylor Swift,{{Birth date and age|1989|12|13}},taylorswift13
3,Rihanna,{{Birth date and age|1988|2|20}},rihanna
4,Sophie,{{Birth date and age|1965|1|20|df|=|yes}},ladygaga
5,Justin Timberlake,{{Birth date and age|1981|1|31}},jtimberlake
6,Ellen DeGeneres,{{Birth date and age|1958|1|26}},TheEllenShow
7,Britney Spears,{{Birth date and age|1981|12|2}},britneyspears
8,Cristiano Ronaldo,{{birth date and age|1985|2|5|df|=|y}},Cristiano
9,Kim Kardashian,{{birth date and age|1980|10|21}},KimKardashian
10,King Shaka kaSenzangakhona,{{circa|July 1787}},shakira
11,Selena Gomez,{{Birth date and age|1992|7|22}},selenagomez
12,Jennifer Lopez,{{Birth date and age|1969|7|24}},JLo
13,Ariana Grande,{{Birth date and age|1993|6|26}},ArianaGrande
14,Demi Lovato,{{Birth date and age|1992|8|20}},ddlovato
15,Oprah Winfrey,{{birth date and age|1954|1|29}},Oprah
16,Drake,{{Birth date and age|1986|10|24|mf|=|yes}},Drake
17,Harry Styles,{{Birth date and age|df|=|yes|1994|2|1}},Harry_Styles
18,One Direction,,onedirection
19,Lil Wayne,{{nowrap|birth date and age|1982|9|27}} {{birth date and age|1982|9|27}},LilTunechi
20,Bruno Mars,{{birth date and age|1985|10|08}},BrunoMars
21,Miley Cyrus,{{Birth date and age|1992|11|23}},MileyCyrus
22,Alicia Keys,{{Birth date and age|1981|1|25}},aliciakeys
23,,,wizkhalifa
24,Pit bull,,pitbull
25,Ian,,Real_Liam_Payne
26,Louis Tomlinson,{{Birth date and age|df|=|y|1991|12|24}},Louis_Tomlinson
27,Nicki Minaj,{{birth date and age|1982|12|8}},NICKIMINAJ
28,Eminem,{{birth date and age|1972|10|17}},Eminem
29,Emma Watson,{{Birth date and age|df|=|yes|1990|4|15}},EmWatson
30,Avril Lavigne,{{nowrap|Birth date and age|mf|=|yes|1984|9|27}} {{Birth date and age|mf|=|yes|1984|9|27}},AvrilLavigne
31,Neil Patrick Harris,{{Birth date and age|mf|=|yes|1973|6|15}},ActuallyNPH
32,Daniel Tosh,{{Birth date and age|1975|5|29}},danieltosh
33,Conan O'Brien,{{Birth date and age|1963|4|18}},ConanOBrien
34,Amitabh Bachchan,{{Birth date and age|df|=|y|1942|10|11}},SrBachchan
35,Khloé Kardashian,{{Birth date and age|1984|06|27}},khloekardashian
36,Kourtney Kardashian,{{birth date and age|1979|4|18}},kourtneykardash
37,Shah Rukh Khan,{{birth date and age|1965|11|2|df|=|yes}},iamsrk
38,Coldplay,,coldplay
39,Christina Aguilera,{{Birth date and age|mf|=|yes|1980|12|18}},xtina
40,Chris Brown,{{birth date and age|1989|5|5}},chrisbrown
41,Salman Khan,{{Birth date and age|df|=|y|1965|12|27}},BeingSalmanKhan
42,Beyoncé,{{Birth date and age|1981|9|4}},Beyonce
43,Blake Shelton,{{Birth date and age|1976|6|18}},blakeshelton
44,Ivete Sangalo,{{Birth date and age|1972|5|27}},ivetesangalo
45,Leonardo DiCaprio,{{Birth date and age|1974|11|11}},LeoDiCaprio
46,Paris Hilton,{{Birth date and age|mf|=|yes|1981|2|17}},ParisHilton
47,Muhammad al-Arifi,{{birth date and age|df|=|yes|1970|7|15}},MohamadAlarefe
48,Kendall Jenner,{{birth date and age|1995|11|03}},KendallJenner
49,Ashley Tisdale,{{birth date and age|1985|7|2}},ashleytisdale
50,Snoop Dogg,{{birth date and age|1971|10|20}},SnoopDogg
51,Alejandro Sanz,{{birth date and age|mf|=|yes|1968|12|18}},AlejandroSanz
52,Ricky Martin,{{birth date and age|1971|12|24}},ricky_martin
53,Ronaldinho,{{birth date and age|1980|3|21|df|=|y}},10Ronaldinho
54,Simon Cowell,{{Birth date and age|df|=|yes|1959|10|7}},SimonCowell
55,Kevin Durant,{{birth date and age|mf|=|yes|1988|9|29}},KDTrey5
56,,,maroon5
57,Raditya Dika,{{birth date and age|1984|12|28|df|=|y}},radityadika
58,Claudia Leitte,{{Birth date and age|df|=|y|1980|7|10}},ClaudiaLeitte
59,Danilo Gentili,{{birth date and age|1979|9|27|df|=|yes}},DaniloGentili
60,Ahmad al-Shukeiri<br /><small>أحمد الشقيري</small>,,shugairi
61,Deepika Padukone,{{birth date and age |df|=|yes|1986|1|5}},deepikapadukone
62,Charlie Sheen,{{birth date and age|1965|09|03}},charliesheen
63,Andrés Iniesta,{{birth date and age|1984|5|11|df|=|y}},andresiniesta8
64,Hrithik Roshan,{{birth date and age|1974|1|10|df|=|yes}},iHrithik
65,Priyanka Chopra Jonas,{{Birth date and age|df|=|yes|1982|7|18}},priyankachopra
66,Luciano Huck,{{birth date and age|1971|09|3}},LucianoHuck
67,Gerard Piqué,{{birth date and age|1987|2|2|df|=|y}},3gerardpique
68,Zac Efron,{{birth date and age|1987|10|18}},ZacEfron
69,Carly Rae Jepsen,{{birth date and age|mf|=|yes|1985|11|21}},carlyraejepsen
70,Janes,,juanes
71,Paulina Rubio,{{Birth date and age|df|=|yes|1971|6|17}},paurubio
72,Sean Combs,{{Birth date and age|1969|11|4}} {{sfn|Traugh|2010|p|=|13}},iamdiddy
73,Ludacris,{{Birth date and age|mf|=|yes|1977|9|11}},Ludacris
74,Paulo Coelho,{{Birth date and age|1947|8|24|df|=|y}},paulocoelho
75,Sabrina Sato,{{birth date and age|mf|=|yes|1981|02|4}},SabrinaSatoReal
76,Aaidh ibn Abdullah al-Qarni,{{Birth date and age|1959|1|1}},Dr_alqarnee
77,Usher,{{birth date and age|1978|10|14}},Usher
78,Akshay Kumar,{{Birth date and age|df|=|y|1967|09|09}},akshaykumar
79,Luna Maya,{{birth date and age|df|=|y|1983|8|26}},LunaMaya26
80,Ricky Gervais,{{birth date and age|df|=|yes|1961|6|25}},rickygervais
81,Mesut Özil,{{birth date and age|1988|10|15|df|=|y}},MesutOzil1088
82,Cem Yılmaz,{{birth date and age|df|=|yes|1973|4|23}},CMYLMZ
83,Xabi Alonso,{{Birth date and age|1981|11|25|df|=|y}},XabiAlonso
84,Dwayne Johnson,{{birth date and age|1972|5|2}},TheRock
85,Enrique Iglesias,{{birth date and age|df|=|yes|1975|5|8}},enrique305
86,Stephen Colbert,{{birth date and age|1964|05|13}},StephenAtHome
87,Sergio Agüero,{{birth date and age|1988|6|2|df|=|y}},aguerosergiokun
88,Radamel Falcao,{{birth date and age|1986|2|10|df|=|y}},FALCAO
89,A. R. Rahman,{{birth date and age|df|=|y|1967|1|6}},arrahman
90,James Rodríguez,{{birth date and age|1991|7|12|df|=|y}},jamesdrodriguez
91,Trey Songz,{{birth date and age|1984|11|28}},TreySongz
92,Sofía Vergara,{{Birth date and age|1972|7|10}},SofiaVergara
93,Rafinha Bastos,{{birth date and age|mf|=|yes|1976|12|5}},rafinhabastos
94,Daddy Yankee,{{birth date and age|mf|=|yes|1976|2|3}},daddy_yankee
95,Afgansyah Reza,{{birth date and age|df|=|yes|1989|5|27}},afgansyah_reza
96,,{{Birth date and age|1983|05|14}},Anahi
97,LMFAO,,LMFAO
98,Virat Kohli,{{birth date and age|1988|11|5|df|=|y}},imVkohli
99,Vidi Aldiano,{{birth date and age|df|=|yes|1990|3|29}},vidialdiano
100,Anne Curtis,{{birth date and age|1985|2|17|df|=|yes}},annecurtissmith
101,Sachin Tendulkar,{{Birth date and age|1973|4|24|df|=|yes}},sachin_rt
102,Marcelo Tas,{{birth date and age|1959|11|10}},MarceloTas
103,Mishary bin Rashid Alafasy,{{birth date and age|1976|09|05|mf|=|yes}},mishari_alafasy
104,Carles Puyol,{{Birth date and age|1978|4|13|df|=|y}},Carles5puyol
105,Seth MacFarlane,{{birth date and age|1973|10|26}},SethMacFarlane
106,Thalía,{{Birth date and age|1971|8|26}},thalia
107,Cesc Fàbregas,{{birth date and age|1987|5|4|df|=|y}},cesc4official
108,50 Cent,{{birth date and age|1975|7|6}},50cent
109,O. J. Simpson,{{Birth date and age|1947|7|9}},joejonas
110,Big Star,,BigSean
111,5 Seconds of Summer,,5SOS
112,Aziz Ansari,{{birth date and age|1983|2|23}},azizansari
113,David Bisbal,{{birth date and age|1979|6|5|df|=|y}},davidbisbal
114,Abhishek Bachchan,{{birth date and age|df|=|yes|1976|02|05}},juniorbachchan
115,Tatá Werneck,{{birth date and age|df|=|yes|1983|08|11}},Tatawerneck
116,Robin van Persie,{{birth date and age|1983|8|6|df|=|y}},Persie_Official
117,Cody Simpson,{{Birth date and age|df|=|yes|1997|1|11}},CodySimpson
118,Luis Fonsi,{{Birth date and age|1978|04|15}},LuisFonsi
119,Marco Luque,{{birth date and age|mf|=|yes|1974|4|9}},marcoluque
120,Eugenio Derbez,{{birth date and age|1961|09|02}},EugenioDerbez
121,J. Cole,{{Birth date and age|1985|1|28}},JColeNC
122,Miranda Cosgrove,{{birth date and age|1993|5|14}},MirandaCosgrove
123,John Legend,{{birth date and age|1978|12|28}},johnlegend
124,Eva Longoria,{{birth date and age|1975|3|15|mf|=|y}},EvaLongoria
125,Salman al-Ouda,{{birth date and age|1956|12|14}},salman_alodah
126,Karan Johar,{{Birth date and age|1972|05|25|df|=|yes}},karanjohar
127,David Villa,{{birth date and age|df|=|yes|1981|12|3}},Guaje7Villa
128,Cher Lloyd,,CherLloyd
129,Jessica Simpson,{{birth date and age|1980|7|10}},JessicaSimpson
130,Nancy Ajram,{{birth date and age|1983|5|16|mf|=|y}},NancyAjram
131,Anderson Silva,{{Birth date and age|1975|04|14}},SpiderAnderson
132,Ricardo Montaner,{{Birth date and age|1957|8|9}},montanertwiter
133,Carmelo Anthony,{{birth date and age|1984|5|29}},carmeloanthony
134,Sarah Silverman,{{birth date and age|1970|12|1}},SarahKSilverman
135,Shaandaar,,shahidkapoor
136,Tyga,{{Birth date and age|1989|11|19}},Tyga
137,Roberto Bolaño,{{birth date|df|=|yes|1953|4|28}},ChespiritoRGB
138,Snooki,{{birth date and age|1987|11|23}},snooki
139,Marcelo Tinelli,{{Birth date and age|1960|04|1|mf|=|yes}},cuervotinelli
140,Queen Latifah,{{Birth date and age|mf|=|yes|1970|3|18}},IAMQUEENLATIFAH
141,Zooey Deschanel,{{Birth date and age|1980|1|17}},ZooeyDeschanel
142,Raffi Ahmad,{{birth date and age|df|=|yes|1987|2|17}},RaffiAhmadLagi
143,Calvin Harris,{{birth date and age|1984|1|17|df|=|y}},CalvinHarris
144,Ciarán,,ciara
145,Steve Martin,{{Birth date and age|1945|8|14}},SteveMartinToGo
146,Olly Murs,{{Birth date and age|df|=|yes|1984|5|14}},ollyofficial
147,Dani Alves,{{birth date and age|1983|5|6|df|=|y}},DaniAlvesD2
148,Kelly Rowland,{{Birth date and age|1981|2|11}},KELLYROWLAND
149,Fearne Cotton,{{birth date and age|df|=|yes|1981|9|3}},Fearnecotton
150,Rio Ferdinand,{{birth date and age|1978|11|7|df|=|y}},rioferdy5
151,Luke Hemmings,{{Birth date and age|df|=|yes|1996|7|16}},Luke5SOS
152,Shireen Sungkar,{{Birth date and age|1992|01|28}},shireensungkar
153,Jessica Iskandar,{{birth date and age|1988|1|29}},jedarcantik
154,Mario Teguh,{{birth date and age|1956|03|05|mf|=|yes}},MTLovenHoney
155,Fábio Porchat,{{birth date and age|1983|7|1}},FabioPorchat
156,Farhan Akhtar,{{Birth date and age|df|=|yes|1974|01|09}},FarOutAkhtar
157,Jennette McCurdy,{{birth date and age|1992|6|26|mf|=|yes}},jennettemccurdy
158,Gustavo Lima,{{Birth date and age|1989|9|3|mf|=|y}},gusttavo_lima
159,,,pittyleone
160,Juan Luis Guerra,{{birth date and age|1957|06|7}},JuanLuisGuerra
161,Perez Hilton,{{birth date and age|1978|3|23}},PerezHilton
162,Dwight Howard,{{birth date and age|mf|=|yes|1985|12|8}},DwightHoward
163,,,CHAYANNEMUSIC
164,Ricardo Arjona,{{Birth date and age|1964|1|19|df|=|y}},Ricardo_Arjona
165,Shaandaar,,aliaa08
166,Vice Ganda,{{Birth date and age|mf|=|yes|1976|3|31}},vicegandako
167,,{{birth date and age|1985|12|6}},DulceMaria
168,Ian Somerhalder,{{Birth date and age|1978|12|8}},iansomerhalder
169,Jimmy Kimmel,{{Birth date and age|1967|11|13}},jimmykimmel
170,Luan Santana,{{birth date and age |mf|=|yes|1991|3|13}},luansantana
171,Iggy Azalea,{{birth date and age|df|=|yes|1990|6|7}},IGGYAZALEA
172,Galilea Montijo,{{birth date and age|1973|06|05}},GalileaMontijo
173,Anushka Sharma,{{Birth date and age|df|=|yes|1988|5|1}},AnushkaSharma
174,Robert Kardashian,{{birth date|1944|02|22}},robkardashian
175,Omar Chaparro,{{birth date and age|1974|11|26}},OMARCHAPARRO
176,Sergio Ramos,{{birth date and age|1986|3|30|df|=|y}},SergioRamos
177,Pânico na Band,,rodrigovesgo
178,Lana Del Rey,{{Birth date and age|mf|=|yes|1985|6|21}},LanaDelRey
179,Sonakshi Sinha,{{birth date and age|df|=|yes|1987|6|2}},sonakshisinha
180,Javier Mascherano,{{birth date and age|1984|6|8|df|=|y}},Mascherano
181,Chetan Bhagat,{{birth date and age|1974|04|22|df|=|yes}},chetan_bhagat
182,Calum Hood,{{Birth date and age|df|=|yes|1996|01|25}},Calum5SOS
183,J. K. Rowling,{{Birth date and age|df|=|yes|1965|7|31}},jk_rowling
184,Florida,,official_flo
185,Chelsea Handler,{{birth date and age|1975|2|25}},chelseahandler
186,Cheryl,,CherylOfficial
187,Luis  Suárez,{{birth date and age|1987|1|24|df|=|y}},LuisSuarez9
188,Parineeti Chopra,{{birth date and age|df|=|yes|1988|10|22}},ParineetiChopra
189,Robert Downey Jr.,{{birth date and age|1965|4|4}},RobertDowneyJr
190,Gonzalo Higuaín,{{birth date and age|1987|12|10|df|=|y}},G_Higuain
191,Tom Cruise,{{birth date and age|1962|7|3}},TomCruise
192,Kendrick Lamar,{{birth date and age|mf|=|yes|1987|6|17}},kendricklamar
193,Serena Williams,{{birth date and age|1981|9|26}},serenawilliams
194,Residente,{{Birth date and age|1978|2|23|mf|=|y}},Residente
195,Adam Levine,{{birth date and age|mf|=|yes|1979|3|18}},adamlevine
196,Carlos Loret de Mola,{{birth date and age|df|=|yes|1976|10|17}},CarlosLoret
197,Ana Hickmann,{{Birth date and age|1981|3|1|df|=|yes}},ahickmann
198,Vanessa Hudgens,{{birth date and age|1988|12|14}},VanessaHudgens
199,James Corden,{{Birth date and age|1978|8|22|df|=|yes}},JKCorden
200,Michael Gordon Clifford,{{Birth date and age|df|=|yes|1995|11|20}},Michael5SOS
201,Cameron Dallas,{{Birth date and age|1994|9|8|mf|=|y}},camerondallas
202,Joaquín López-Dóriga,{{birth date and age|1947|2|7}},lopezdoriga
203,The Doctors,,DrBassemYoussef
204,Raisa,{{Birth date and age|df|=|yes|1990|6|6}},raisa6690
205,Anupam Kher,{{Birth date and age|df|=|yes|1955|03|07}},AnupamPkher
206,,{{birth date and age|1964|1|17}},MichelleObama
207,Mary J. Blige,{{Birth date and age|1971|1|11}},maryjblige
208,Serginho Groisman,{{birth date and age|1950|06|29}},oserginho
209,Nicole Scherzinger,{{Birth date and age|mf|=|yes|1978|6|29}},NicoleScherzy
210,Black Eyed Peas,,bep
211,,,okanbayulgen
212,Amr Khaled<br>عمرو خالد,{{birth date and age|1967|9|5|df|=|y}},amrkhaled
213,Ant & Dec<br/><small> {{post-nominals|country|=|GBR|size|=|100%|commas|=|on|OBE}} </small>,[[Anthony McPartlin]]<br> {{Birth date and age|1975|11|18|df|=|y}} <br>[[Declan Donnelly]]<br> {{Birth date and age|1975|9|25|df|=|y}},antanddec
214,Iker Casillas,{{birth date and age|df|=|yes|1981|5|20}},CasillasWorld
215,Luisana Lopilato,{{Birth date and age|1987|05|18}},lulopilato
216,International Federation of <br>Association Football,,Fiuk
217,Nick Cannon,{{birth date and age|1980|10|8}},NickCannon
218,Bambang Pamungkas,{{Birth date and age|1980|6|10|df|=|yes}},bepe20s
219,Sandy,{{Birth date and age|mf|=|yes|1983|1|28}},SandyLeah
220,Miranda Lambert,{{Birth date and age|1983|11|10}},mirandalambert
221,Nash Grier,{{Birth date and age|1997|12|28|mf|=|yes}},Nashgrier
222,Bunga Citra Lestari,{{birth date and age|df|=|y|1983|03|22}},bclsinclair
223,Ben Stiller,{{Birth date and age|1965|11|30}},RedHourBen
224,Demet Akalın,{{birth date and age|1972|4|23|df|=|yes}},DemetAkalin
225,Yeng Constantino,{{birth date and age|1988|12|4}},YengPLUGGEDin
226,Luke Bryan,{{birth date and age|mf|=|yes|1976|7|17}},LukeBryanOnline
227,Choi Si-won,"{{birth date and age|1986|04|07|df|=|yes}} {{efn|name|=|dob|Choi Si-won was born on 7 April 1986 while his registered birth date is 10 February 1987.|ref|{{cite news |url=http://m.spotvnews.co.kr/?mod=news&act=articleView&idxno=343970 |title=최시원, 생일 2번 챙기는 특별한 이유는…""호적엔 2월, 실제는 4월"" |work=Spotv News |language=ko |date=10 February 2020 |access-date=10 February 2020}}|</ref>}}",siwon407
228,,,MacMiller
229,Juan Mata,{{birth date and age|1988|4|28|df|=|y}},juanmata8
230,Tiger Woods,{{nowrap|birth date and age|1975|12|30|mf|=|yes}} {{birth date and age|1975|12|30|mf|=|yes}},TigerWoods
231,Mike Tyson,{{birth date and age|1966|6|30}},MikeTyson
232,Lenny Kravitz,{{Birth date and age|1964|5|26}},LennyKravitz
233,Nicole Richie,{{Birth date and age|1981|9|21}},nicolerichie
234,Hilary Duff,{{nowrap|Birth date and age|1987|9|28}} {{Birth date and age|1987|9|28}},HilaryDuff
235,,{{Birth date and age|1937|12|28|df|=|yes}},RNTata2000
236,Hiroiki Ariyoshi,{{Birth date and age|1974|5|31|df|=|y}},ariyoshihiroiki
237,G-Dragon,{{birth date and age|1988|8|18}},IBGDRGN
238,Anna Kendrick,{{birth date and age|1985|08|09}},AnnaKendrick47
239,Angelica Panganiban,{{birth date and age|mf|=|yes|1986|11|4}},sectorkekz
240,Jonathan Ross,{{birth date and age|1960|11|17|df|=|y}},wossy
241,Lucy Hale,{{birth date and age|1989|6|14}},lucyhale
242,Bridgit Mendler,{{birth date and age|1992|12|18}},bridgitmendler
243,,,donghae861015
244,John Cleese,{{birth date and age|df|=|y|1939|10|27}},JohnCleese
245,Soulja Boy,{{Birth date and age|1990|7|28|mf|=|y}},souljaboy
246,Tiago Leifert,{{Birth date and age|1980|5|22}},TiagoLeifert
247,Carrie Underwood,{{Birth date and age|1983|03|10}},carrieunderwood
248,Yoko Ono,{{birth date and age|1933|2|18}},yokoono
249,Novak Djokovic,{{birth date and age|df|=|yes|1987|5|22}},DjokerNole
250,Gaby Espino,{{Birth date and age|mf|=|yes|1977|11|15}},gabyespino
251,Laudya Cynthia Bella,{{birth date and age|df|=|yes|1988|2|24}},Bellaudyaa
252,Sweet Magnolias,,tyleroakley
253,Bill Simmons,{{Birth date and age|1969|09|25|mf|=|y}},BillSimmons
254,Diego Forlán,{{birth date and age|1979|5|19|df|=|y}},DiegoForlan7
255,Facundo: Civilization and Barbarism,,facufacundo
256,Bianca Gonzalez-Intal,{{birth date and age|1983|03|11}},iamsuperbianca
257,MS Dhoni,{{Birth date and age|1981|7|7|df|=|yes}},msdhoni
258,,,Skrillex
259,Virender Sehwag,{{Birth date and age|1978|10|20|df|=|yes}},virendersehwag
260,Jorge & Mateus,,jorgeemateus
261,The Lord Sugar,{{Birth date and age|1947|3|24|df|=|y}},Lord_Sugar
262,Cyprian,c. 210,MonsieurDream
263,Chris Paul,{{birth date and age|1985|5|6}},CP3
264,Irfan Bachdim,{{birth date and age|1988|8|11|df|=|y}},IrfanBachdim10
265,KC Concepcion,{{Birth date and age|1985|04|07}},kc_concepcion
266,Daniel Padilla,{{birth date and age|1995|04|26}},imdanielpadilla
267,Gad Elmaleh,{{Birth date and age|1971|04|19|df|=|y}},gadelmaleh
268,Marcelo,{{birth date and age|1988|5|12|df|=|y}},MarceloM12
269,,{{birth date and age|mf|=|yes|1981|1|21}},micheltelo
270,Luis Manzano,{{Birth date and age|1981|04|21}},luckymanzano
271,Hayley Williams,{{birth date and age|1988|12|27}},yelyahwilliams
272,,,DONOMAR
273,Neil deGrasse Tyson,{{Birth date and age|1958|10|5}},neiltyson
274,Wisin & Yandel,,wisinyyandel
275,Noel Schajris,{{birth date and age|1974|7|19}},NoelSchajris
276,Joseph Simmons,{{birth date and age|1964|11|14|mf|=|y}},RevRunWisdom
277,Sandra Dewi,{{Birth date and age|1983|08|08}},SandraDewi88
278,,{{birth date and age|df|=|yes|1961|10|11}},amrdiab
279,Shawn Mendes,{{Birth date and age|1998|8|8}},ShawnMendes
280,Aleks Syntek,{{Birth date and age|1969|09|29}},syntekoficial
281,Masjid al-Haram,,AdelAliBinAli
282,Felipe Neto,{{Birth date and age|1988|01|21}},felipeneto
283,,,polo_polo
284,Ashton Irwin,{{Birth date and age|df|=|yes|1994|7|7}},Ashton5SOS
285,Nas,{{birth date and age|1973|9|14}},Wale
286,Chino & Nacho,,ChinoyNacho
287,Riteish Deshmukh,{{Birth date and age|df|=|y|1978|12|17}},Riteishd
288,Lamar Odom,{{birth date and age|mf|=|yes|1979|11|6}},RealLamarOdom
289,Preta Gil,{{birth date and age|1974|08|8}},PretaGil
290,Tom Cavalcante,{{birth date and age|1962|03|08}},TomCavalcante1
291,Randy Orton,{{birth date and age|1980|4|1|mf|=|y}},RandyOrton
292,DJ King Assassin,{{birth date and age|1971|1|15}},DjKingAssassin
293,Gading Marten,,gadiiing
294,Ozzy Osbourne,{{Birth date and age|df|=|yes|1948|12|3}},OzzyOsbourne
295,Adam Schefter,{{birth date and age|1966|12|21}},AdamSchefter
296,Vhong Navarro,{{Birth date and age|1977|1|4}},VhongX44
297,Cristine Reyes,{{birth date and age|1989|02|05}},_CristineReyes_
298,Rainn Wilson,{{birth date and age|1966|1|20}},rainnwilson
299,Sıla,{{birth date and age|1980|6|17|df|=|yes}},silagencoglu
300,Rania,{{Birth date and age|1970|8|31|df|=|yes}},QueenRania
301,Hülya Avşar,{{birth date and age|df|=|yes|1963|10|10}},hulyavsar
302,Najwa Karam,{{birth date and age|1966|2|26|df|=|yes}},najwakaram
303,Víctor Valdés,{{birth date and age|1982|1|14|df|=|y}},1victorvaldes
304,Jamel Debbouze,{{birth date and age|1975|6|18|df|=|yes}},DebbouzeJamel
305,Julia Montes,{{birth date and age|1995|03|19}},montesjulia
306,Ajay Devgan,{{birth date and age|df|=|yes|1969|4|2}},ajaydevgn
307,Miranda Kerr,{{birth date and age|1983|4|20|df|=|y}},MirandaKerr
308,Rashid Al Shamrani راشد الشمراني,{{birth date and age|1960|2|1}},fayez_malki
309,Gary Barlow,{{birth date and age|df|=|yes|1971|01|20}},GaryBarlow
310,Shilpa Shetty,{{Birth date and age|df|=|yes|1975|6|8}},TheShilpaShetty
311,Carmen Aristegui,{{Birth date and age|1964|01|18}},aristeguicnn
312,,{{Birth date and age|1937|7|12}},BillCosby
313,TwitPic,,noaheverett
314,Andrea Legarreta,{{birth date and age|df|=|yes|1971|7|12}},AndreaLegarreta
315,Julieta Venegas,{{Birth date and age|1970|11|24}},julietav
316,Bipasha Basu,{{birth date and age|1979|1|7|df|=|yes}},bipsluvurself
317,Cara Delevingne,{{birth date and age |1992|8|12|df|=|yes}},Caradelevingne
318,,{{birth date and age|1969|10|1}},galifianakisz
319,,,Nelly_Mo
320,Kelly Osbourne,{{birth date and age|1984|10|27|df|=|yes}},KellyOsbourne
321,Eddie Izzard,{{birth date and age|1962|2|7|df|=|y}},eddieizzard
322,,,KapilSharmaK9
323,Cüneyt Özdemir,{{Birth date and age|1970|02|08}},cuneytozdemir
324,Dylan O'Brien,{{birth date and age|mf|=|yes|1991|8|26}},dylanobrien
325,Keri Hilson,{{birth date and age|1982|12|5}},KeriHilson
326,,{{Birth date and age|df|=|y|1967|11|4}},yilmazerdogan
327,Preity Zinta,{{Birth date and age |df|=|yes|1975|1|31}},realpreityzinta
328,Ezequiel Lavezzi,{{Birth date and age|1985|5|3|df|=|y31}},PochoLavezzi
329,Carlos Vives,{{Birth date and age|df|=|yes|1961|8|7}},carlosvives
330,Jack Whitehall,{{Birth date and age|1988|7|7|df|=|yes}},jackwhitehall
331,"{{nobold|""}} Weird Al {{nobold|""}} Yankovic",{{birth date and age|1959|10|23}},alyankovic
332,Alejandro Fernández,{{birth date and age|1971|4|24|df|=|yes}},alexoficial
333,Jenna Marbles,{{birth date and age|1986|9|15}},Jenna_Marbles
334,,,MaiteOficial
335,Shreya Ghoshal,{{birth date and age|df|=|yes|1984|03|12}},shreyaghoshal
336,Laura G,{{Birth date and age|1985|06|28}},LAURAGII
337,Ragheb Alama,{{birth date and age|1962|6|7|df|=|yes}},raghebalama
338,Wyclef Jean,{{Birth date and age|mf|=|yes|1969|10|17}},wyclef
339,,{{Birth date and age|1955|3|7|df|=|y}},Alwaleed_Talal
340,Scooter Braun,{{birth date and age|1981|6|18}},scooterbraun
341,Adela Micha,{{Birth date and age|1963|5|25}},Adela_Micha
342,Ashley Benson,{{Birth date and age|1989|12|18|mf|=|yes}},AshBenzo
343,Ivan Urgant,{{Birth date and age|1978|4|16|df|=|y}},urgantcom
344,Norman Thavaud,{{Birth date and age|1987|4|14|df|=|yes}},NormanDesVideos
345,Iya Villania-Arellano,{{Birth date and age|mf|=|yes|1986|06|29}},iyavillania
346,Usain Bolt,{{Birth date and age|df|=|yes|1986|8|21}},usainbolt
347,Lance Armstrong,{{birth date and age|mf|=|yes|1971|9|18}},lancearmstrong
348,Paul Weller,{{birth date and age|1958|05|25|df|=|y}},paulwesley
349,Luis Chataing,{{birth date and age|1967|4|8}},LuisChataing
350,Álvaro Arbeloa,{{birth date and age|1983|1|17|df|=|y}},aarbeloa17
351,Joseph Gordon-Levitt,{{Birth date and age|1981|2|17}},hitRECordJoe
352,Hamza Namira,{{Birth date and age|df|=|yes|1980|November|15}},HamzaNamira
353,Madhuri Dixit,{{Birth date and age|1967|5|15|df|=|y}},MadhuriDixit
354,Jennifer Hudson,{{Birth date and age|1981|9|12}},IAMJHUD
355,Mark Cuban,{{birth date and age|1958|07|31}},mcuban
356,Mehmet Öz,{{birth date and age|1960|6|11}},DrOz
357,Melinda,,belindapop
358,Joyce Meyer,{{Birth date and age|1943|06|04}},JoyceMeyer
359,Gülben Ergen,{{birth date and age|1972|8|25|df|=|yes}},gulbenergen
360,Taraji P. Henson,{{birth date and age|1970|9|11}},TherealTaraji
361,Mohamed ElBaradei,{{birth date and age|1942|6|17|df|=|y}},ElBaradei
362,Jaime Camil,{{Birth date and age|1973|7|22|df|=|yes}},jaimecamil
363,Acun Ilıcalı,{{Birth date and age|1969|5|29|df|=|yes}},acunilicali
364,,{{birth date and age|1976|10|7}},alinebarros
365,,,OfficialWillow
366,Ahmet Hakan,{{Birth date and age|1967|8|11|df|=|y}},ahmethc
367,Pedro,{{birth date and age|1987|7|28|df|=|y}},_Pedro17_
368,Phillip Schofield,{{Birth date and age|1962|4|1|df|=|yes}},Schofe
369,Kyary Pamyu Pamyu,{{birth date and age|mf|=|yes|1993|1|29}},pamyurin
370,Enrique Gil,{{Birth date and age|df|=|yes|1992|03|30}},itsenriquegil
371,Sam Milby,{{Birth date and age|1984|05|23}},samuelmilby
372,Mario Balotelli,{{birth date and age|1990|8|12|df|=|y}},FinallyMario
373,Dolly Parton,{{Birth date and age|mf|=|yes|1946|01|19}},DollyParton
374,Chris Moyles,{{Birth date and age|df|=|yes|1974|2|22}},ChrisMoyles
375,Brad Paisley,{{birth date and age|1972|10|28}},BradPaisley
376,Franco De Vita,{{birth date and age|1954|1|23}},FrancoDVita
377,Haifa Wehbe,{{birth date and age|1972|3|10|mf|=|yes}},HaifaWehbe
378,Rob Dyrdek,{{birth date and age|1974|06|28}},robdyrdek
379,JWoww,{{Birth date and age|1986|2|27}},JENNIWOWW
380,Lata Mangeshkar,{{Birth date and age |df|=|yes|1929|9|28}},mangeshkarlata
381,Syahrini,{{Birth date and age|1982|08|1|df|=|y}},PrincesSyahrini
382,Jason Derulo,{{birth date and age|1989|9|21}},jasonderulo
383,Zoé,,zoetheband
384,Bruno Gagliasso,{{Birth date and age|1982|4|13}},brunogagliasso
385,Bruna Marquezine,{{Birth date and age|df|=|yes|1995|8|4}},BruMarquezine
386,Josh Devine,{{Birth date and age|df|=|y|1991|7|9}},JoshDevineDrums
387,,,pedroalfonsoo
388,Kesha,{{Birth date and age|1987|3|1}},KeshaRose
389,Jake T. Austin,{{Birth date and age|1994|12|3}},JakeTAustin
390,,{{birth date and age|df|=|yes|1988|7|13}},officialtulisa
391,Louis Tomlinson,{{Birth date and age|df|=|y|1991|12|24}},EleanorJCalder
392,Chad Johnson,,ochocinco
393,Chris Rock,{{birth date and age|1965|2|7}},chrisrock
394,Wesley Sneijder,{{birth date and age|1984|6|9|df|=|y}},sneijder101010
395,Sean Kingston,{{birth date and age|mf|=|yes|1990|2|3}},SeanKingston
396,Murat Boz,{{birth date and age|1980|03|7|df|=|yes}},MuratBoz
397,Daniel Mananta,{{Birth date and age|df|=|y|1981|8|14}},vjdaniel
398,James Franco,{{birth date and age|1978|04|19}},JamesFrancoTV
399,,,FePaesLeme
400,Ana Maria Braga,{{Birth date and age|1949|4|01}},ANAMARIABRAGA
401,Gisele Bündchen,{{Birth date and age|df|=|yes|1980|7|20}},giseleofficial
402,Ayu Ting Ting,{{Birth date and age|df|=|yes|1992|6|20}},mrsayudewi
403,Nelly Furtado,{{Birth date and age|1978|12|2|df|=|yes}},NellyFurtado
404,Kim Atienza,{{birth date and age|1967|01|06}},kuyakim_atienza
405,Nikki Gil,{{Birth date and age|1987|8|23|mf|=|y}},nikkigil
406,The Rachel Maddow Show,,maddow
407,Questlove,{{birth date and age|1971|1|20}},questlove
408,Erika de la Vega,{{birth date and age|1975|03|13}},ErikaDLV
409,Romeo Santos,{{birth date and age|1981|7|21}},RomeoSantosPage
410,Yuvraj Singh,{{Birth date and age|1981|12|12|df|=|yes}},YUVSTRONG12
411,,{{Birth date and age|1981|08|05|mf|=|yes}},TravieMcCoy
412,Lauren Conrad,{{Birth date and age|1986|2|1}},LaurenConrad
413,David Silva,{{Birth date and age|1986|1|8|df|=|y}},21LVA
414,Caio Castro,{{Birth date and age|df|=|yes|1989|01|22}},CaioCastro
415,Thiaguinho,{{Birth date and age|1983|03|11}},thiaguinhocomth
416,Ahmet Kural,{{birth date and age|1989|11|10|df|=|y}},AHMTKURAL
417,Titi Kamal,{{Birth date and age|df|=|yes|1981|12|07}},Titi_KamaLL
418,Pavel Volya,,RealVolya
419,Jorge Rial,{{Birth date and age|mf|=|yes|1961|10|16}},rialjorge
420,Brooke Burke,{{birth date and age|mf|=|yes|1971|9|8}},brookeburke
421,Mustafa Ceceli,{{Birth date and age|df|=|y|1980|11|2}},mustafaceceli
422,Sami Al-Jaber,{{birth date and age|1972|12|11|df|=|yes}},SamiAlJaber
423,Giuliana Rancic,{{birth date and age|1974|8|17}},GiulianaRancic
424,Yesung,{{birth date and age|1984|08|24}},shfly3424
425,Andrés López Forero,{{Birth date and age|1971|6|25|mf|=|y}},lopezandres
426,Joey Essex,{{Birth date and age |1990|07|29|df|=|y}},JoeyEssex_
427,Heidi Klum,{{Birth date and age|df|=|yes|1973|06|01}},heidiklum
428,Around the World (La La La La La),,lala
429,Mustafa Agha,{{birth date and age|1963|06|06}},mustafa_agha
430,Emma Roberts,{{Birth date and age|mf|=|yes|1991|2|10}},RobertsEmma
431,Busta Rhymes,{{Birth date and age|1972|5|20}},BustaRhymes
432,Mano Menezes,{{birth date and age|1962|6|11|df|=|y}},manomenezes
433,Nathan Fillion,{{Birth date and age|mf|=|yes|1971|3|27}},NathanFillion
434,Pattie Mallette,{{Birth date and age|1975|4|2}},pattiemallette
435,Be Somebody,,TheMattEspinosa
436,Gustavo Cerati,{{birth date|1959|8|11|df|=|y}},cerati
437,Blake Griffin,{{birth date and age|1989|3|16}},blakegriffin32
438,Dana White,{{birth date and age|mf|=|yes|1969|07|28}},danawhite
439,Espinoza Paz,{{birth date and age|df|=|y|1981|10|29}},EspinozaOficial
440,Nichkhun,{{birth date and age|mf|=|yes|1988|6|24}},Khunnie0624
441,{{resize|85%|Sir}} <br/>Andrew Murray<br /> {{post-nominals|country|=|GBR|size|=|100|OBE}},{{Birth date and age|1987|5|15|df|=|y}},andy_murray
442,John Bishop,{{birth date and age|1966|11|30|df|=|y}},JohnBishop100
443,Lali,{{birth date and age|df|=|yes|1991|10|10}},laliespos
444,,{{birth date|1887|10|6|df|=|y}},corbuzier
445,Michelle Keegan,{{Birth date and age|1987|6|3|df|=|y}},michkeegan
446,Deadmau5,{{birth date and age|mf|=|yes|1981|1|5}},deadmau5
447,Pedro Viebig Bial,{{birth date and age|1958|03|29}},PBiaL
448,,,BRUNOIERULLO
449,Noah,,NOAH_ID
450,Drake Bell,{{birth date and age|1986|6|27}},DrakeBell
451,Ansel Elgort,{{birth date and age|1994|3|14|mf|=|yes}},AnselElgort
452,Sara Bareilles,{{birth date and age|1979|12|07}},SaraBareilles
453,M. Pokora,{{Birth date and age|df|=|yes|1985|9|26}},MPOFFICIAL
454,Tito El Bambino,{{birth date and age|1981|10|5}},Tbambino
455,Isco,{{birth date and age|1992|4|21|df|=|y}},isco_alarcon
456,Alejandro Vigilante,1964,VigilanteArtist
457,Kev Adams,{{birth date and age|1991|07|01|df|=|yes}},kevadamsss
458,Seth Meyers,{{birth date and age|1973|12|28}},sethmeyers
459,Andrea Serna,{{birth date and age|1977|01|18}},AndreaSernaTV
460,Leeteuk,{{birth date and age|1983|7|1}},special1004
461,,{{birth date and age|1980|7|6}},paugasol
462,Bill Maher,{{Birth date and age|1956|1|20}},billmaher
463,J Balvin,{{birth date and age|mf|=|yes|1985|5|7}},JBALVIN
464,Mr. Carter,,S_C_
465,Vinny Guadagnino,{{birth date and age|1987|11|11}},VINNYGUADAGNINO
466,Lea Salonga,{{birth date and age|1971|2|22}},MsLeaSalonga
467,,,jack
468,Manu Ginóbili,{{birth date and age|df|=|yes|1977|7|28}},manuginobili
469,Georgina Wilson,{{birth date and age|1986|2|12|df|=|y}},ilovegeorgina
470,Jacqueline Bracamontes,{{Birth date and age|df|=|yes|1979|12|23}},jackybrv
471,,{{Birth date and age|mf|=|yes|1954|4|29}},JerrySeinfeld
472,Genelia D'Souza,{{birth date and age|df|=|yes|1987|08|05}},geneliad
473,Tracy Morgan,{{Birth date and age|1968|11|10}},RealTracyMorgan
474,Drew Pinsky,{{birth date and age|1958|9|4}},drdrew
475,Locos sueltos en el zoo,,marley_ok
476,Felipe Andreoli,{{birth date and age|1980|03|07}},andreolifelipe
477,Logan Henderson,"{{nowrap|Birth date and age|mf|=|yes|1989|09|14|ref| name=LoganBDNick|ref| name=LATimes|ref| name=""Dallas""}} {{Birth date and age|mf|=|yes|1989|09|14}}",1LoganHenderson
478,Zlatan Ibrahimović,{{Birth date and age|df|=|y|1981|10|3}},Ibra_official
479,Hande Yener,{{birth date and age|1973|01|12|df|=|yes}},handeyener
480,,,smosh
481,,,rickyrozay
482,Caitlyn Jenner,{{Birth date and age|1949|10|28}},Caitlyn_Jenner
483,,,common
484,Ece Uslu,{{Birth date and age|1974|9|9|df|=|yes}},huryazarlar
485,,,DaRealAmberRose
486,Jacqueline Fernandez,{{birth date and age|df|=|yes|1985|08|11}},Asli_Jacqueline
487,Karim Benzema,{{birth date and age|1987|12|19|df|=|y}},Benzema
488,Martha Stewart,{{Birth date and age|mf|=|yes|1941|08|03}},MarthaStewart
489,Susana Giménez,{{Birth date and age|1944|01|29|df|=|yes}},Su_Gimenez
490,David Henrie,{{birth date and age|1989|7|11}},DavidHenrie
491,Steve Aoki,{{birth date and age|1977|11|30}},steveaoki
492,Vera Brezhneva,{{birth date and age|df|=|y|1982|2|3}},VeraBrezhneva
493,Shruti Haasan,{{Birth date and age|1986|1|28|df|=|y}},shrutihaasan
494,Sania Mirza,,MirzaSania
495,Steve Austin,{{birth date and age|mf|=|yes|1964|12|18}},steveaustinBSR
496,Nina García,{{birth date and age|1965|5|3}},ninagarcia
497,al-Qaeda in the Arabian Peninsula,,farisf9
498,Imagine Dragons,,Imaginedragons
499,Hayes Grier,{{birth date and age|2000|6|8}},HayesGrier
500,Alberto Ciurana,26 October 1960,AlbertoCiurana
501,Shay Mitchell,{{Birth date and age|1987|4|10}},shaymitch
502,Troye Sivan,{{birth date and age|1995|6|5|df|=|yes}},troyesivan
503,,,ReggieBush
504,Eugenia Suárez,{{Birth date and age|1992|03|9}},chinasuarez
505,Harsha Bhogle,{{Birth date and age|df|=|yes|1961|7|19}},bhogleharsha
506,Deborah Secco,{{Birth date and age|1979|11|26}},dedesecco
507,Juliana Paes,{{birth date and age|1979|3|26}},jupaesoficial
508,Gary Neville,{{Birth date and age|1975|2|18|df|=|y}},GNev2
509,Stephen Curry,{{birth date and age|1988|3|14}},StephenCurry30
510,Lewis Hamilton,{{birth date and age|df|=|yes|1985|1|7}},LewisHamilton
511,Fernando Torres,{{birth date and age|1984|3|20|df|=|y}},Torres
512,Amr Waked,{{birth date and age|mf|=|yes|1973|4|12}},amrwaked
513,Boman Irani,{{Birth date and age|1959|12|2|df|=|y}},bomanirani
514,Lena Dunham,{{birth date and age|1986|05|13}},lenadunham
515,Leigh Francis,{{birth date and age|df|=|yes|1973|4|30}},LeighFrancis
516,Willie Colón,{{birth date and age|1950|4|28}},williecolon
517,,,FLOTUS
518,Eser Yenenler,{{birth date and age|1984|2|14|df|=|yes}},eseryenenler
519,Dannii Minogue,{{Birth date and age|df|=|yes|1971|10|20}},AllRiseSilver
520,The Vamps,,TheVampsband
521,Oscar Filho,{{Birth date and age|1978|8|27}},OscarFilho
522,Rajdeep Sardesai,{{Birth date and age|df|=|yes|1965|05|24}},sardesairajdeep
523,Chris Pratt,{{Birth date and age|1979|6|21}},prattprattpratt
524,Sertab Erener,{{birth date and age|1964|12|04|df|=|yes}},sertaberener
525,Sonu Nigam,{{Birth date and age|1973|07|30|df|=|y}},sonunigam
526,Can U Dig It?,,lnsaneTweets
527,Mika Singh,{{birth date and age|df|=|yes|1977|6|10}},MikaSingh
528,MullenLowe U.S.,,tonyhsieh
529,Hitoshi Matsumoto,{{Birth date and age|1963|09|8}},matsu_bouzu
530,Jimmy Eat World,,jimmyeatworld
531,,,cher
532,Alyssa Milano,{{birth date and age|1972|12|19}},Alyssa_Milano
533,Lisa Surihani,{{birth date and age|df|=|yes|1986|3|23}},LisaSurihani
534,Jovanotti,{{Birth date and age|1966|9|27|df|=|y}},lorenzojova
535,Kevin Smith,{{birth date and age|1970|8|2}},ThatKevinSmith
536,Mario Götze,{{birth date and age|1992|6|3|df|=|y}},MarioGoetze
537,Barkha Dutt,{{birth date and age|df|=|yes|1971|12|18}},BDUTT
538,Faisal Al-Kasim,{{birth date and age|1961|6|3}},kasimf
539,Javier Alatorre,,Javier_Alatorre
540,Kadim Al Sahir,{{birth date and age|1957|09|12}},KadimAlSahirORG
541,Nil Karaibrahimgil,{{Birth date and age|df|=|yes|1976|10|17}},Niltakipte
542,Magic Johnson,{{birth date and age|1959|8|14}},MagicJohnson
543,Bastian Schweinsteiger,{{birth date and age|1984|8|1|df|=|y}},BSchweinsteiger
544,Kevin Pietersen,{{Birth date and age|1980|6|27|df|=|yes}},KP24
545,Andreu Buenafuente,{{birth date and age|1965|1|24|df|=|y}},Buenafuente
546,Ashlee Simpson,{{Birth date and age|mf|=|yes|1984|10|03}},ashleesimpson
547,Pablo Alborán,{{Birth date and age|1989|5|31|df|=|y}},pabloalboran
548,,{{Birth date and age|1965|7|17|df|=|y}},SSantiagosegura
549,Alfie Deyes,{{Birth date and age|1993|9|17|df|=|yes}},PointlessBlog
550,,{{birth date and age|1986|12|4|df|=|yes}},mariagadu
551,Solenn Heussaff-Bolzico,"{{Birth date and age|1985|7|20}} <br />[[Makati]], [[Metro Manila]], [[Philippines]]",solennheussaff
552,Denny Cagur,{{birth date and age|df|=|yes|1977|8|29}},DennyCagur
553,Lukas Podolski,{{birth date and age|1985|6|4|df|=|y}},Podolski10
554,Rohit Sharma,{{Birth date and age|1987|4|30|df|=|yes}},ImRo45
555,Macklemore,{{Birth date and age|1983|6|19}},macklemore
556,William Levy,{{birth date and age|df|=|yes|1980|8|29}},willylevy29
557,Mike Epps,{{birth date and age|1970|11|18}},TheRealMikeEpps
558,Željko Ražnatović,{{Birth date|1952|4|17|df|=|yes}},tarkan
559,Neto,{{birth date and age|df|=|yes|1966|9|9}},10neto
560,Carolina Dieckmann,{{Birth date and age|1978|9|16}},cadieckmann
561,Fanny Lu,{{birth date and age|1973|02|08}},FannyLu
562,Hanatarash,,haashoficial
563,Germán Paoloski,{{Birth date and age|1974|05|25}},germanpaoloski
564,Lee Min-ho,{{birth date and age|1987|06|22}},ActorLeeMinHo
565,Yalın,{{Birth date and age|df|=|y|1980|3|30}},YALINonline
566,Dermot O'Leary,{{Birth date and age|1973|05|24|df|=|y}},radioleary
567,Russell Westbrook,{{birth date and age|1988|11|12}},russwest44
568,Henry Lau,{{birth date and age|1989|10|11}},henrylau89
569,JKT48,,officialJKT48
570,Farah Khan,{{birth date and age|1965|01|09|df|=|y}},TheFarahKhan
571,Ryan Sheckler,{{Birth date and age|1989|12|30}},RyanSheckler
572,,{{Birth date and age|df|=|yes|1977|06|12}},vazqueznico
573,Chris Hardwick,{{birth date and age|1971|11|23}},hardwick
574,Álvaro Morata,{{birth date and age|1992|10|23|df|=|y}},AlvaroMorata
575,Rafael Cortez,{{Birth date and age|1976|10|25}},cortezrafa
576,Marcelo Adnet,{{birth date and age|1981|9|5}},marceloadnet0
577,Bethany Mota,{{Birth date and age|1995|11|07}},BethanyMota
578,Thiago,{{birth date and age|1991|4|11|df|=|y}},Thiago6
579,Alfredo Flores,{{birth date and age|1988|06|16}},AlfredoFlores
580,Jack & Jack,"'''Jack Edward Johnson'''<br/> {{Birth date and age|1996|3|24|mf|=|yes}} <br />[[Omaha]], [[Nebraska]], United States<br/>'''Jack Finnegan Gilinsky'''<br/> {{Birth date and age|1996|9|10|mf|=|yes}} <br />Omaha, Nebraska, United States",jackgilinsky
581,Carole Samaha,{{birth date and age|1972|7|25}},CAROLE_SAMAHA
582,Tony Robbins,{{birth date and age|1960|2|29|mf|=|y}},TonyRobbins
583,,,carocruzosorio
584,Gary Valenciano,{{birth date and age|1964|08|06}},GaryValenciano1
585,Kendra Wilkinson,{{birth date and age|1985|6|12}},KendraWilkinson
586,Brandy,{{Birth date and age|1979|2|11}},4everBrandy
587,Gordon Ramsay,{{birth date and age|1966|11|8|df|=|yes}},GordonRamsay
588,Chris Gayle,{{Birth date and age|1979|9|21|df|=|yes}},henrygayle
589,Sepp Blatter,{{birth date and age|df|=|yes|1936|3|10}},SeppBlatter
590,Liv Tyler,{{birth date and age|1977|7|1}},fucktyler
591,Kenan Doğulu,{{birth date and age|df|=|yes|1974|05|31}},kenandogulu
592,Rory McIlroy<br><small>[[Order of the British Empire (MBE)|MBE]]</small>,{{birth date and age|df|=|yes|1989|5|4}},McIlroyRory
593,The Relatives,,Garik2000
594,Farruko,{{birth date and age|1991|5|2|mf|=|y}},FarrukoPR
595,Jhong Hilario,{{Birth date and age|1976|08|11}},jhongsample
596,,,drangelocarbone
597,Dolores Paterno,{{Birth date|1854|03|10}},Flordelav
598,Xian Lim,{{birth date and age|mf|=|yes|1989|7|12}},XianLimm
599,,{{birth date and age|1987|6|26|df|=|y}},SamNasri19
600,Zaira Nara,{{birth date and age|1988|8|15|df|=|yes}},zairana
601,Deepak Chopra,{{Birth date and age|mf|=|yes|1946|10|22}},DeepakChopra
602,Anggun,{{Birth date and age|df|=|y|1974|4|29}},Anggun_Cipta
603,Lara Dutta,{{birth date and age|1978|04|16|df|=|y}},LaraDutta
604,David Lynch,{{Birth date and age|1946|1|20|mf|=|yes}},DAVID_LYNCH
605,,,LAAZCARATE
606,Fifth Harmony,,FifthHarmony
607,Felicia Day,{{birth date and age|1979|6|28}},feliciaday
608,Shraddha Kapoor,{{birth date and age|1987|03|03|df|=|y}},ShraddhaKapoor
609,,{{birth date and age|df|=|yes|1973|07|02}},TurkiAldakhil
610,Biz Stone,{{birth date and age|1974|03|10|mf|=|yes}},biz
611,PALO!,,OscarDLeon
612,Tom DeLay,{{birth date and age|mf|=|yes|1947|4|8}},TomDaley1994
613,Ashley Cole,{{birth date and age|1980|12|20|df|=|y}},TheRealAC3
614,Chris Jericho,{{birth date and age|1970|11|9|mf|=|y}},IAmJericho
615,Jack Johnson,{{Birth date and age|1975|05|18}},JackJackJohnson
616,,,Dbolina
617,Joey Graceffa,{{Birth date and age|1991|05|16}},JoeyGraceffa
618,Joe Sugg,{{birth date and age|1991|9|8|df|=|y}},Joe_Sugg
619,Kate del Castillo,{{birth date and age|1972|10|23|mf|=|y}},katedelcastillo
620,Masayoshi Son,{{birth date and age|df|=|yes|1957|8|11}},masason
621,Aaron Paul,{{Birth date and age|mf|=|yes|1979|8|27}},aaronpaul_8
622,Manny Pacquiao,{{birth date and age|1978|12|17}},MannyPacquiaoTR
623,Lauren London,{{Birth date and age|mf|=|yes|1984|12|5}},MsLaurenLondon
624,Ross Lynch,{{birth date and age|mf|=|yes|1995|12|29}},rossR5
625,Adam Lambert,{{birth date and age|mf|=|yes|1982|1|29}},adamlambert
626,Anand Gopal Mahindra,{{birth date and age|df|=|yes|1955|05|1}},anandmahindra
627,Soimah Pancawati,{{birth date and age|1980|9|29|mf|=|yes}},showimah
628,Greyson Chance,{{birth date and age|mf|=|yes|1997|08|16}},greysonchance
629,Jim Gaffigan,{{birth date and age|1966|7|7}},JimGaffigan
630,Stephen A. Smith,{{birth date and age|1967|10|14}},stephenasmith
631,Richard Hammond,{{birth date and age|1969|12|19|df|=|y}},RichardHammond
632,Risto Mejide,{{Birth date and age|1974|11|29|df|=|y}},ristomejide
633,Iqbaal Ramadhan,{{birth date and age|df|=|yes|1999|12|28}},iqbaale
634,Davina McCall,{{birth date and age|1967|10|16|df|=|y}},ThisisDavina
635,David Ospina,{{birth date and age|1988|8|31|df|=|y}},D_Ospina1
636,Emre Aydın,,emreaydin
637,Raphaël Varane,{{birth date and age|1993|4|25|df|=|y}},raphaelvarane
638,J Álvarez,{{Birth date and age|1983|12|13|mf|=|y}},JAlvarezFlow
639,Christian Bautista,{{Birth date and age|1981|10|19|mf|=|y}},xtianbautista
640,Maggie Lindemann,{{birth date and age|1998|7|21|mf|=|yes}},carterreynolds
641,Yosri Fouda,,YosriFouda
642,Ruffa Gutierrez,{{Birth date and age|1974|6|24}},iloveruffag
643,Shy'm,{{birth date and age|1985|11|28|df|=|y}},shymofficiel
644,Anthony Bourdain,{{Birth date|1956|06|25}},Bourdain
645,Rachel Zoe,{{birth date and age|mf|=|yes|1971|09|01}},RachelZoe
646,Angélica Vale,{{birth date and age|1975|11|11}},angelicavale
647,Robin Williams,{{birth date|1951|7|21}},robbiewilliams
648,James May,{{Birth date and age|1963|1|16|df|=|yes}},MrJamesMay
649,Zaheer Khan,{{Birth date and age|1978|10|8|df|=|yes}},ImZaheer
650,Lottie Tomlinson,{{Birth date and age|1998|08|04}},lottietommo
651,Jack and Finn Harries,{{Birth date and age|1993|5|13|df|=|y}},JackHarries
652,Wanda Nara,{{birth date and age|1986|12|09|df|=|y}},wandaicardi
653,Kendall Schmidt,{{Birth date and age|1990|11|2}},HeffronDrive
654,El Moreno Michael,{{birth date and age|mf|=|yes|1967|09|30}},elmorenomichael
655,Hardwell,{{birth date and age|1988|1|7|df|=|yes}},HARDWELL
656,Charlotte Crosby,{{birth date and age|1990|5|17|df|=|y}},Charlottegshore
657,Hadise,{{birth date and age|df|=|yes|1985|10|22}},Hadise
658,Cyril Hanouna,{{birth date and age|df|=|yes|1974|09|23}},Cyrilhanouna
659,Tom Hiddleston,{{Birth date and age|df|=|yes|1981|2|9}},twhiddleston
660,Rajinikanth,{{birth date and age|1950|12|12|df|=|y}},superstarrajini
661,Mana,,manaoficial
662,Marcus Butler,{{Birth date and age|1991|12|18|df|=|y}},MarcusButler
663,Haruna Kojima,{{Birth date and age|1988|4|19}},kojiharunyan
664,Andrés Cepeda,{{birth date and age|mf|=|yes|1973|7|7}},andrescepeda
665,Patton Oswalt,{{birth date and age|1969|1|27}},pattonoswalt
666,Triple 9,,TripleH
667,Sebastián Rulli,{{Birth date and age|1975|7|6}},sebastianrulli
668,Carlos Baute,"{{Birth date and age|1974|03|08}} <br />[[Caracas]], Venezuela",carlosbaute
669,Audrina Patridge,{{Birth date and age|1985|5|9}},AudrinaPatridge
670,Kat Williams,,KattPackAllDay
671,Khalid Al-Shenaif,,k_alshenaif
672,Levent Üzümcü,{{Birth date and age|df|=|yes|1972|7|6}},LeventUzumcu
673,Lady A,,ladyantebellum
674,NX Zero,,nxzerooficial
675,,{{birth year and age|1948}} CE / 1368 AH,AdnanAlarour
676,,,Dynamomagician
677,French Montana,{{Birth date and age|mf|=|yes|1984|11|9}},FrencHMonTanA
678,Keith Urban<br/> {{small|post-nominals|country|=|AUS|AO}} {{post-nominals|country|=|AUS|AO}},{{birth date and age |df|=|yes|1967|10|26}},KeithUrban
679,Xuxa,{{birth date and age|df|=|y|1963|3|27}},xuxameneghel
680,Mariko Shinoda,{{birth date and age|df|=|y|1986|3|11}},mariko_dayo
681,Najwa Shihab,{{birth date and age|1977|9|16|df|=|y}},NajwaShihab
682,Adal Ramones,{{Birth date and age|1961|12|3}},AdalRamones
683,Charles,{{Birth date and age|1948|11|14|df|=|yes}},Ferrynimous
684,,,belalfadl
685,Giovani dos Santos,{{birth date and age|1989|5|11|df|=|y}},OficialGio
686,Michael Vick,,MikeVick
687,Martin Garrix,{{birth date and age|df|=|yes|1996|5|14}},MartinGarrix
688,Steve Nash,{{birth date and age|1974|2|7|df|=|y}},SteveNash
689,Omesh,{{birth date and age|1986|8|21}},omeshomesh
690,Thomas Müller,{{birth date and age|1989|9|13|df|=|y}},esmuellert_
691,,,AlKohler7KEPO
692,Yusuf Mansur,{{Birth date and age|1976|12|19}},Yusuf_Mansur
693,Vincent Kompany,{{Birth date and age|1986|4|10|df|=|y}},VincentKompany
694,Willie Robertson,{{birth date and age|1972|4|22|mf|=|y}},williebosshog
695,Moez Masoud,,MoezMasoud
696,Derrick Rose,{{birth date and age|1988|10|4}},drose
697,Fábio Coentrão,{{birth date and age|1988|3|11|df|=|y}},Fabio_Coentrao
698,Şahsiyet,,ayseozyilmazel
699,Fernando Alonso,{{birth date and age|1981|7|29|df|=|y}},alo_oficial
700,Rebel Wilson,{{Birth date and age|df|=|yes|1980|3|2}},RebelWilson
701,Robi Domingo,{{birth date and age|mf|=|yes|1989|09|27}},robertmarion
702,Şahan Gökbakar,{{Birth date and age|df|=|yes|1980|10|22}},sgokbakar
703,Smosh,,smoshanthony
704,Luke Brooks,{{birth date and age|df|=|yes|1994|12|21}},luke_brooks
705,Depeche Mode,,depechemode
706,Amy Schumer,{{Birth date and age|1981|6|1}},amyschumer
707,Craig Ferguson,{{Birth date and age|1962|5|17|df|=|yes}},CraigyFerg
708,Fatin Shidqia,{{birth date and age|df|=|y|1996|7|30}},FatinSL
709,Mikhail Zadornov,{{Birth date|1948|7|21}},mnzadornov
710,Ayushmann Khurrana,{{Birth date and age|df|=|yes|1984|09|14}},ayushmannk
711,Danni Suzuki,{{birth date and age|mf|=|yes|1977|9|21}},danisuzuki
712,Kylie Minogue,{{Birth date and age|df|=|yes|1968|5|28}},kylieminogue
713,Zedd,{{Birth date and age|df|=|yes|1989|09|02}},Zedd
714,Manu Gavassi,{{birth date and age|1993|1|4}},manugavassi
