twitter,name
katyperry,KATY PERRY
justinbieber,Justin Bieber
taylorswift13,Taylor Swift
rihanna,Rihanna
ladygaga,The Countess
jtimberlake,Justin Timberlake
TheEllenShow,Ellen DeGeneres
britneyspears,Britney Spears
Cristiano,Cristiano Ronaldo
KimKardashian,Kim Kardashian West
shakira,Shakira
selenagomez,Selena Gomez
JLo,Jennifer Lopez
ArianaGrande,Ariana Grande
ddlovato,Demi Lovato
jimmyfallon,jimmy fallon
Oprah,Oprah Winfrey
Pink,P!nk
Drake,Drizzy
Harry_Styles,Harry Styles.
onedirection,One Direction
BillGates,Bill Gates
KingJames,LeBron James
LilTunechi,Lil Wayne WEEZY F
BrunoMars,Bruno Mars
KAKA,Kaka
Adele,Adele
NiallOfficial,Niall Horan
MileyCyrus,Miley Ray Cyrus
aliciakeys,Alicia Keys
KevinHart4real,Kevin Hart
wizkhalifa,Cameron
pitbull,Pitbull
Real_Liam_Payne,Liam
Louis_Tomlinson,Louis Tomlinson
NICKIMINAJ,NICKI MINAJ
neymarjr,Neymar Jr
Eminem,Marshall Mathers
EmWatson,Emma Watson
AvrilLavigne,Avril Lavigne
ActuallyNPH,Neil Patrick Harris
danieltosh,daniel tosh
davidguetta,David Guetta
ConanOBrien,"""Conan O'Brien"""
SrBachchan,Amitabh Bachchan
aplusk,ashton kutcher
khloekardashian,Khloé
kourtneykardash,Kourtney Kardashian
zaynmalik,zayn
iamsrk,Shah Rukh Khan
coldplay,Coldplay
MariahCarey,Mariah Carey
edsheeran,Ed Sheeran
xtina,Christina Aguilera
JimCarrey,Jim Carrey
kanyewest,KANYE WEST
chrisbrown,Chris Brown
aamir_khan,Aamir Khan
BeingSalmanKhan,Salman Khan
agnezmo,AGNEZ MO
Beyonce,Beyoncé Knowles
blakeshelton,Blake Shelton
RyanSeacrest,Ryan Seacrest
ivetesangalo,Ivete Sangalo
LeoDiCaprio,Leonardo DiCaprio
ParisHilton,Paris Hilton
iamwill,will.i.am
MohamadAlarefe,د. محمد #العريفي
KendallJenner,Kendall Jenner
ashleytisdale,AshleyTisdaleFrench
tyrabanks,Tyra Banks
SnoopDogg,Snoop Dogg
AlejandroSanz,Alejandro Sanz
ricky_martin,Ricky Martin
10Ronaldinho,Ronaldinho Gaúcho
SimonCowell,Simon Cowell
WayneRooney,Wayne Rooney
KDTrey5,Kevin Durant
maroon5,Maroon 5
radityadika,raditya dika
KylieJenner,Kylie Jenner
ClaudiaLeitte,Claudia Leitte
DaniloGentili,Danilo Gentili
shugairi,أحمد الشقيري
marcosmion,snap - mionoficial
deepikapadukone,Deepika Padukone
stephenfry,Stephen Fry
charliesheen,Charlie Sheen
andresiniesta8,Andrés Iniesta
iHrithik,Hrithik Roshan
priyankachopra,PRIYANKA 
LucianoHuck,Luciano Huck
3gerardpique,Gerard Piqué
ZacEfron,Zac Efron
carlyraejepsen,Carly Rae Jepsen
rustyrockets,Russell Brand
juanes,JUANES
paurubio,Paulina Rubio
iamdiddy,Sean Diddy Combs
Ludacris,Ludacris
SHAQ,SHAQ
paulocoelho,Paulo Coelho
SabrinaSatoReal,Sabrina Sato Rahal
kelly_clarkson,Kelly Clarkson
tomhanks,Tom Hanks
Dr_alqarnee,عائض القرني
Usher,Usher Raymond IV
akshaykumar,Akshay Kumar
LunaMaya26,luna maya
rickygervais,Ricky Gervais
MesutOzil1088,Mesut Özil
sherinasinna,Sherina Sinna
CMYLMZ,Cem Yılmaz
nickjonas,Nick Jonas
XabiAlonso,Xabi Alonso
TheRock,Dwayne Johnson
enrique305,Enrique Iglesias
StephenAtHome,Stephen Colbert
aguerosergiokun,Sergio Kun Aguero
VictoriaJustice,Victoria Justice
FALCAO,Radamel Falcao
lindsaylohan,Lindsay Lohan
arrahman,A.R.Rahman
AustinMahone,Austin Mahone
victoriabeckham,Victoria Beckham
jamesdrodriguez,James Rodríguez
TreySongz,Trey Songz
SofiaVergara,Sofia Vergara
jessicaalba,Jessica Alba
RafaelNadal,Rafa Nadal
rafinhabastos,Rafinha Bastos
daddy_yankee,Daddy Yankee
afgansyah_reza,afgansyah reza
Anahi,Anahi
LMFAO,LMFAO
realwbonner,William Bonner
imVkohli,Virat Kohli 
JessieJ,Jessie J
vidialdiano,Vidi Aldiano
annecurtissmith,Anne Curtis-Smith
sachin_rt,sachin tendulkar
MarceloTas,Marcelo Tas
mishari_alafasy,مشاري راشد العفاسي
Carles5puyol,Carles Puyol
SethMacFarlane,Seth MacFarlane
thalia,Thalia
MarcAnthony,Marc Anthony
cesc4official,Cesc Fàbregas Soler
50cent,50cent
Pharrell,Pharrell Williams
joejonas,J O E  J O N A S
BigSean,Big Sean
5SOS,5 Seconds of Summer
azizansari,Aziz Ansari
kobebryant,Kobe Bryant
davidbisbal,David Bisbal
juniorbachchan,Abhishek Bachchan 
Tatawerneck,Tata werneck
channingtatum,Channing Tatum
Persie_Official,Robin van Persie
sonamakapoor,Sonam Kapoor
CodySimpson,Cody Simpson
LuisFonsi,Luis Fonsi 
marcoluque,Marco Luque
DavidLuiz_4,David Luiz
GarethBale11,Gareth Bale
JohnCena,John Cena
EugenioDerbez,Eugenio Derbez
JColeNC,J. Cole
elissakh,Elissa
MirandaCosgrove,Miranda Cosgrove
johnlegend,John Legend
EvaLongoria,Eva Longoria
salman_alodah,سلمان العودة
karanjohar,Karan Johar
Guaje7Villa,David Villa
CherLloyd,Cher Lloyd
JessicaSimpson,Jessica Simpson
NancyAjram,Nancy Ajram
SpiderAnderson,Anderson Silva
montanertwiter,Ricardo Montaner
LittleMix,Little Mix
carmeloanthony,Carmelo Anthony
SarahKSilverman,Sarah Silverman
shahidkapoor,Shaandaar Kapoor
Tyga,T-Raww
ChespiritoRGB,Roberto G. Bolaños
snooki,Nicole Polizzi
cuervotinelli,marcelo tinelli
143redangel,Angel Locsin
IAMQUEENLATIFAH,Queen Latifah
ZooeyDeschanel,zooey deschanel
simonpegg,Pegg News
RaffiAhmadLagi,Raffi Ahmad
NeYoCompound,NE-YO
CalvinHarris,Calvin Harris
richardbranson,Richard Branson
ciara,Ciara
SteveMartinToGo,Steve Martin
ollyofficial,Olly Murs
DaniAlvesD2,Daniel Alves
KELLYROWLAND,KELENDRIA ROWLAND
Fearnecotton,fearne cotton
rioferdy5,Rio Ferdinand
FloydMayweather,Floyd Mayweather
Luke5SOS,Luke Hemmings
shireensungkar,shireen sungkar
jedarcantik,Jessica Iskandar
andersoncooper,Anderson Cooper
MTLovenHoney,Mario Teguh
FabioPorchat,Fabio Porchat
FarOutAkhtar,Farhan Akhtar
jennettemccurdy,Jennette McCurdy
gusttavo_lima,Gusttavo Lima
bellathorne,bella thorne
pittyleone,Pitty 
hollywills,Holly Willoughby
JuanLuisGuerra,Juan Luis Guerra
Tip,T.I.
PerezHilton,Perez Hilton
DwightHoward,Dwight Howard
CHAYANNEMUSIC,CHAYANNE
Ricardo_Arjona,Ricardo Arjona ®
aliaa08,SHAANDAAR Alia
vicegandako,jose marie viceral
Zendaya,Zendaya
DulceMaria,Dulce Maria
oceara,Ceará - Wellington
iansomerhalder,Ian Somerhalder
KrisJenner,Kris Jenner
jimmykimmel,Jimmy Kimmel
RealHughJackman,Hugh Jackman
luansantana,Luan Santana
IGGYAZALEA,IGGY AZALEA
GalileaMontijo,Galilea Montijo
AnushkaSharma,Anushka Sharma
robkardashian,ROBERT KARDASHIAN
Akon,AKON
jason_mraz,Jason Mraz
ninadobrev,Nina Dobrev
OMARCHAPARRO,Omar Chaparro
SergioRamos,Sergio Ramos
rodrigovesgo,Rodrigo Scarpa
LanaDelRey,Lana Del Rey
sonakshisinha,Sonakshi Sinha
Mascherano,Javier Mascherano
chetan_bhagat,Chetan Bhagat
Calum5SOS,Calum Hood
CH14_,Chicharito Hernandez
jk_rowling,J.K. Rowling
official_flo,FLO RIDA
chelseahandler,Chelsea Handler
atademirer,atademirer
ScottDisick,Scott Disick
CherylOfficial,Cheryl
officialjaden,Jaden Smith
LuisSuarez9,Luis Suarez
ParineetiChopra,Parineeti Chopra
RobertDowneyJr,Robert Downey Jr
G_Higuain,Gonzalo Higuaín
jimmycarr,Jimmy Carr
TomCruise,Tom Cruise
kendricklamar,Kendrick Lamar
serenawilliams,Serena Williams
Residente,Residente
adamlevine,Adam Levine
CarlosLoret,Carlos Loret de Mola
JeremyClarkson,Jeremy Clarkson
ahickmann,Ana Hickmann
Talhabeeb,أ. د. طارق الحبيب
VanessaHudgens,Vanessa Hudgens
TareqAlSuwaidan,د. طارق السويدان
JKCorden,Jkcorden
Michael5SOS,Michael Clifford
elliegoulding,Ellie Goulding
camerondallas,Cameron Dallas
lopezdoriga,Joaquín López-Dóriga
DrBassemYoussef,Dr Bassem Youssef
thekiranbedi,Kiran Bedi
raisa6690,Raisa Andriana
lilyallen,lily
AnupamPkher,Anupam Kher
MichelleObama,Michelle Obama
maryjblige,Mary J. Blige
oserginho,Serginho Groisman
justdemi,Demi Moore
bernardokath,KATH
SamuelLJackson,Samuel L. Jackson
NicoleScherzy,Nicole Scherzinger
bep,The Black Eyed Peas
Ahlam_Alshamsi,Ahlam - احلام
okanbayulgen,okan bayulgen
INDONESIAinLOVE,INDONESIAinLOVE
amrkhaled,Amr Khaled
MeekMill,Meek Mill
antanddec,antanddec
CasillasWorld,Iker Casillas
RitaOra,Rita Ora
lulopilato,Luisana Lopilato
Fiuk,Fiuk
NickCannon,Nick Cannon
bepe20s,•Bambang Pamungkas•
SandyLeah,Sandy Leah
mirandalambert,Miranda Lambert
Angelluisr,Angel Rivera
Nashgrier,Nash Grier
bclsinclair,bunga citra lestari
RedHourBen,Ben Stiller
DemetAkalin,Demet Akalin Kurt
YengPLUGGEDin,Yeng Constantino
mindykaling,Mindy Kaling
LukeBryanOnline,Luke Bryan
siwon407,SIWON CHOI
MacMiller,Mac
D_DeGea,David De Gea
juanmata8,Juan Mata García
TigerWoods,Tiger Woods
MikeTyson,Mike Tyson
LennyKravitz,Lenny Kravitz
kevinjonas,kevin jonas
JonahHill,Jonah Hill
DwyaneWade,DWade
nicolerichie,Nicole Richie
linkinpark,LINKIN PARK
HilaryDuff,Hilary Duff
ImRaina,Suresh Raina
RNTata2000,Ratan N. Tata
ariyoshihiroiki,有吉弘行
IBGDRGN,G-DRAGON
AnnaKendrick47,Anna Kendrick
AlanCarr,Alan Carr
sectorkekz,Angelica Panganiban
wossy,Jonathan Ross
lucyhale,Lucy Hale
bridgitmendler,Bridgit Mendler
donghae861015,Super Junior 이동해
JohnCleese,John Cleese
souljaboy,"""Soulja Boy Tell 'Em"""
PrinceRoyce,Prince Royce
TiagoLeifert,Tiago Leifert
carrieunderwood,Carrie Underwood
jesseyjoy,Jesse & Joy Oficial
yokoono,Yoko Ono
olla_ramlan,Ollaufar
DjokerNole,Novak Djokovic
gabyespino,gaby espino
Bellaudyaa,Laudya cynthia bella
tyleroakley,Tyler Oakley / TODAY
johngreen,John Green
BillSimmons,Bill Simmons
DiegoForlan7,Diego Forlan
llcoolj,Instagram  @LLCOOLJ
facufacundo,Facundo
msleamichele,Lea Michele
iamsuperbianca,Bianca Gonzalez
msdhoni,Mahendra Singh Dhoni
piersmorgan,Piers Morgan
Skrillex,SKRILLEX
virendersehwag,Virender Sehwag
jorgeemateus,Jorge & Mateus
gitagut,Aluna Sagita Gutawa
Lord_Sugar,Lord Sugar
MonsieurDream,Cyprien
CP3,Chris Paul
iamjamiefoxx,Jamie Foxx
IrfanBachdim10,Irfan Bachdim
kc_concepcion,KC Concepcion
imdanielpadilla,Daniel Padilla
gadelmaleh,Gad Elmaleh
MarceloM12,Marcelo Vieira
micheltelo,Michel Teló
SalehAlmoghamsy,الشيخ صالح المغامسي
luckymanzano,Luis Manzano
yelyahwilliams,hayley from Paramore
DONOMAR,DON OMAR aka KONG
SteveCarell,Steve Carell
neiltyson,Neil deGrasse Tyson
wisinyyandel,Wisin Y Yandel
NoelSchajris,Noel Schajris
RevRunWisdom,Rev Run
SandraDewi88,Sandra Dewi
amrdiab,Amr Diab
ShawnMendes,Shawn Mendes
syntekoficial,Aleks Syntek
AdelAliBinAli,عادل علي بن علي
felipeneto,Felipe Neto
polo_polo,Polo Polo
GloriaTrevi,GloriaTrevi
TheVijayMallya,Vijay Mallya 
Ashton5SOS,Ashton Irwin
Wale,Young Olu the Genius
ChinoyNacho,Chino y Nacho
Riteishd,Riteish Deshmukh 
RealLamarOdom,LAMAR ODOM
PretaGil,Preta Gil
TomCavalcante1,TOM CAVALCANTE
RandyOrton,Randy Orton
DjKingAssassin,DJ KING ASSASSIN
gadiiing,Gading Marten
DJPaulyD,DJ Pauly D
LuceroMexico,Lucero
paulitachaves,Paula
KevinSpacey,Kevin Spacey
OzzyOsbourne,Ozzy Osbourne
AdamSchefter,Adam Schefter
GaryLineker,Gary Lineker
VhongX44,Vhong Navarro
_CristineReyes_,Cristine Reyes
JordinSparks,Jordin Sparks
juliaperrez,juliaperez
rainnwilson,RainnWilson
silagencoglu,Sıla Gençoğlu
QueenRania,Rania Al Abdullah
hulyavsar,Hulya Avsar
najwakaram,Najwa Karam
1victorvaldes,Victor Valdes
DebbouzeJamel,Jamel Debbouze
montesjulia,Julia Montes
hazardeden10,Eden hazard
ajaydevgn,Ajay Devgn
indrabektiasli,INDRA BEKTI
MirandaKerr,Miranda Kerr
fayez_malki,فايز المالكي
angelicaksy,angelica huck
GaryBarlow,Gary Barlow
TheShilpaShetty,SHILPA SHETTY KUNDRA
aristeguicnn,Carmen Aristegui
BillCosby,Bill Cosby
tonyhawk,Tony Hawk
noaheverett,Noah Everett
AndreaLegarreta,Andrea Legarreta
tylerperry,Tyler Perry
julietav,Julieta Venegas
bipsluvurself,Bipasha Basu
psy_oppa,PSY
Caradelevingne,Cara Delevingne
galifianakisz,zach galifianakis
Nelly_Mo,Nelly_Mo
DebbyRyan,DΞΒΒΥ RΥΛΠ
KellyOsbourne,Kelly Osbourne
YordiRosado,Yordi Rosado
eddieizzard,Eddie Izzard
KapilSharmaK9,KAPIL
cuneytozdemir,cüneyt özdemir
JoelOsteen,Joel Osteen
dylanobrien,"""Dylan O'Brien"""
diegotorres,Diego Torres
KeriHilson,Keri Hilson
yilmazerdogan,Yılmaz Erdoğan
realpreityzinta,Preity zinta
rogerfederer,Roger Federer
lordemusic,Lorde
GreenDay,Green Day
PochoLavezzi,Ezequiel Lavezzi
carlosvives,Carlos Vives
jackwhitehall,Jack Whitehall
alyankovic,Al Yankovic
alexoficial,Alejandro Fernandez
Jenna_Marbles,Jenna Mourey/Marbles
MaiteOficial,Maite Perroni B
shreyaghoshal,Shreya Ghoshal
LAURAGII,Laura G
raghebalama,Ragheb Alama
wyclef,Wyclef Jean
Alwaleed_Talal,الوليد بن طلال
scooterbraun,Scooter Braun
Adela_Micha,Adela Micha 
tiesto,Tiësto
paramore,PARAMORE
apriliokevin,Kevin Aprilio
AshBenzo,Ashley Benson
urgantcom,Ivan Urgant
NormanDesVideos,Norman Thavaud
iyavillania,IyaVillaniaArellano
usainbolt,Usain St. Leo Bolt
lancearmstrong,Lance Armstrong
paulwesley,Paul Wesley
LuisChataing,Luis Chataing
aarbeloa17,Álvaro Arbeloa
paulpierce34,Paul Pierce
hitRECordJoe,Joseph Gordon-Levitt
HamzaNamira,Hamza Namira
MadhuriDixit,Madhuri Dixit-Nene
IAMJHUD,Jennifer Hudson
mcuban,Mark Cuban
DrOz,Dr. Mehmet Oz
belindapop,Belinda
JoyceMeyer,Joyce Meyer
ValeYellow46,Valentino Rossi
Poconggg,ariefmuhammad
gulbenergen,Gülben Ergen Çelik
TherealTaraji,Taraji P. Henson
ElBaradei,Mohamed ElBaradei
jimjonescapo,Jim Jones 
abdulrahman,عبدالرحمن بن مساعد
joelmchale,Joel McHale
jaimecamil,Jaime Camil
acunilicali,Acun Ilıcalı
alinebarros,Aline Barros
luisnani,Nani
OfficialWillow,Willy
ahmethc,ahmet hakan
bigtimerush,Big Time Rush
_Pedro17_,Pedro Rodríguez
samsmithworld,SAM SMITH
Schofe,Phillip Schofield
pamyurin,きゃりーぱみゅぱみゅ
EmilyOsment,Emily Osment
itsenriquegil,Enrique Gil
samuelmilby,Sam Milby
FinallyMario,Mario Balotelli
DollyParton,Dolly Parton
ChrisMoyles,Chris Moyles
BradPaisley,Brad Paisley
FreddyAmazin,FREDDY
FrancoDVita,Franco De Vita 
HaifaWehbe,Haifa Wehbe
DannyDeVito,Danny DeVito
robdyrdek,Rob Dyrdek
JENNIWOWW,JWOWW
mangeshkarlata,Lata Mangeshkar
PaulaFernandes7,Paula Fernandes
PrincesSyahrini,Syahrini
jasonderulo,Jason Derulo
zoetheband,Zoé
brunogagliasso,Bruno Gagliasso
Schwarzenegger,Arnold
BruMarquezine,Bruna Marquezine
JoshDevineDrums,Josh Devine
pedroalfonsoo,Pedro Alfonso
KeshaRose,kesha 
UncleRUSH,Russell Simmons
JakeTAustin,Jake T. Austin
officialtulisa,Tulisa Contostavlos
EleanorJCalder,Eleanor Calder
ochocinco,Chad Johnson
chrisrock,Chris Rock
sneijder101010,Wesley Sneijder
SeanKingston,SEAN KINGSTON ©
brozoxmiswebs,brozo xmiswebs
MuratBoz,Murat Boz
vjdaniel,VJ Daniel Mananta
JamesFrancoTV,James Franco
amandabynes,amanda bynes
FePaesLeme,Fe Paes Leme
jessicacediel,Jessica Cediel
ANAMARIABRAGA,Ana Maria Braga
MCHammer,MC HAMMER
giseleofficial,Gisele Bündchen
Fergie,Fergie
Fonseca,Fonseca
dumbassgenius,Rick G. Rosner
mrsayudewi,Ayu Dewi
battalalgoos,بتال القوس 
NellyFurtado,Nelly Furtado
kuyakim_atienza,kim atienza
nikkigil,Nikki Gil
maddow,Rachel Maddow MSNBC
questlove,Questlove Gomez
ErikaDLV,Erika de la Vega
RomeoSantosPage,Romeo Santos
YUVSTRONG12,yuvraj singh
TravieMcCoy,Travie McCoy
LaurenConrad,Lauren Conrad
21LVA,David Silva
CaioCastro,Caio Castro
thiaguinhocomth,THiaguinho
AHMTKURAL,Ahmet Kural
Titi_KamaLL,Titi Kamal
RealVolya,Pavel Volya
rialjorge,JORGE RIAL
brookeburke,Brooke Burke-Charvet
MrPeterAndre,Peter Andre
ToniKroos,Toni Kroos
mustafaceceli,Mustafa Ceceli
SamiAlJaber,سامي الجابر
GiulianaRancic,Giuliana Rancic
shfly3424,Yesung
lopezandres,Andres Lopez Forero
JoeyEssex_,Joey Essex
heidiklum,Heidi Klum
lala,LA LA
GemmaAnneStyles,Gemma Styles
mustafa_agha, Mustafa agha
RobertsEmma,Emma Roberts
BustaRhymes,Busta Rhymes
manomenezes,Mano Menezes
NathanFillion,Nathan Fillion
pattiemallette,Pattie Mallette
6BillionPeople,MarQuis Trill
TheMattEspinosa,Matthew Espinosa
waleedalfarraj,وليد_الفراج#
cerati,Gustavo Cerati
myfabolouslife,Fabolous
blakegriffin32,Blake Griffin
danawhite,Dana White
EspinozaOficial,Espinoza Paz
Khunnie0624,นิชคุณ Buck หรเวชกุล
Sethrogen,Seth Rogen
andy_murray,Andy Murray
JohnBishop100,John Bishop
laliespos,Lali Esposito
corbuzier,Corbuzier
ceracoat,Dr Elio Keller
DavidKWilliams,DavidKWilliams
michkeegan,michelle keegan
Slash,Slash
deadmau5,deadmau5
missA_suzy,숮이
PBiaL,Pedro Bial
BRUNOIERULLO,BRUNO IERULLO
NOAH_ID,NOAH
themichaelowen,michael owen
DrakeBell,Drake Bell
AnselElgort,Ansel Elgort
SaraBareilles,Sara Bareilles
MPOFFICIAL,Matt Pokora
Tbambino,Tito El Bambino
isco_alarcon,ISCO ALARCON
VigilanteArtist,Alejandro Vigilante
Manuel_Neuer,Manuel Neuer
kevadamsss,Kev.Adams
sethmeyers,Seth Meyers
AndreaSernaTV,Andrea Serna
special1004,Lee Teuk
JanetJackson,Janet Jackson
paugasol,Pau Gasol
billmaher,Bill Maher
JBALVIN,J BALVIN
RolaWorLD,ROLA
S_C_,Mr. Carter
VINNYGUADAGNINO,Vinny Guadagnino
MsLeaSalonga,Lea Salonga
jack,Jack
manuginobili,Manu Ginobili
ilovegeorgina,Georgina Wilson
jackybrv,JACKY BRACAMONTES
Tyrese,Vision Implementer  
ReikMx,Reik
DaneCook,Dane Cook
JerrySeinfeld,Jerry Seinfeld
geneliad,Genelia Deshmukh
D_Copperfield,David Copperfield
RealTracyMorgan,Tracy Morgan
drdrew,Dr Drew
marley_ok,MARLEY - ALE WIEBE
andreolifelipe,Felipe Andreoli
1LoganHenderson,Logan Henderson
Ibra_official,Zlatan Ibrahimović
handeyener,Hande Yener
smosh,Smosh
rickyrozay,BlackBottleBoy
Caitlyn_Jenner,Caitlyn Jenner
common,COMMON
susoelpaspi,Suso el Paspi
huryazarlar,Hürriyet Yazarlar
DaRealAmberRose,Amber Rose
Asli_Jacqueline,Jacqueline Fernandez
Benzema,Karim Benzema
MarthaStewart,Martha Stewart
jamesmaslow,James Maslow
lafouine78,lafouine
oscar8,Oscar
Su_Gimenez,Susana Gimenez
DavidHenrie,David Henrie
Caspar_Lee,Caspar Lee
steveaoki,Steve Aoki
BoAkwon,BoA
VeraBrezhneva,Вера Брежнева
DaniellePeazer,Danielle Peazer
JHarden13,James Harden
shrutihaasan,shruti haasan
Joey7Barton,Joseph Barton
MirzaSania,Sania Mirza
steveaustinBSR,Steve Austin
krungy21,Sandara Park
ninagarcia,Nina Garcia
farisf9,فارس عوض F.A
Imaginedragons,Imagine Dragons
HayesGrier,Hayes Grier
ryeong9,SUPER
AlbertoCiurana,Alberto Ciurana
shaymitch,Shay Mitchell
mynameisrossa,Rossa Roslaina
troyesivan,Troye Sivan
ReggieBush,Reggie Bush
mh_awadi,محمد العوضي
chinasuarez,Eugenia Suarez ♛
Metallica,Metallica
bhogleharsha,Harsha Bhogle
dedesecco,deborah secco
jupaesoficial,Juliana Paes
GNev2,Gary Neville
StephenCurry30,Stephen Curry
TimTebow,Tim Tebow
LewisHamilton,Lewis Hamilton
gio_antonelli,Giovanna Antonelli
jhutch1992,Josh Hutcherson
Torres,Fernando Torres
amrwaked,Amr Waked
bomanirani,Boman Irani
lenadunham,Lena Dunham
assihallani,Assi Hallani
LeighFrancis,Leigh Francis
williecolon,Willie Colón
7sainaljassmi,Aljassmi حسين الجسمي
FLOTUS,The First Lady
eseryenenler,Eser YENENLER
theweeknd,The Weeknd
PearlJam,Pearl Jam
AllRiseSilver,Dalnim
ShawnMichaels,Shawn Michaels
shitmydadsays,Justin
TheVampsband,The Vamps
IAmSteveHarvey,Steve Harvey
ABdeVilliers17,AB de Villiers
ErinAndrews,Erin Andrews
OscarFilho,Oscar Filho
sardesairajdeep,Rajdeep Sardesai
wilw,Wil SCREAMton
prattprattpratt,chris pratt
itsgabrielleu,Gabrielle Union
sertaberener,Sertab Erener
sonunigam,Sonu Nigam
lnsaneTweets,Can u not
Jason_Aldean,Jason Aldean
MikaSingh,King Mika Singh
ChrisEvans,Chris Evans
tonyhsieh,Zappos.com CEO -Tony
matsu_bouzu,松本人志
jimmyeatworld,Jimmy Eat World
MarkWright_,Mark Wright
cher,Cher  
Alyssa_Milano,Alyssa Milano
LisaSurihani,Lisa Surihani
lorenzojova,Lorenzo Jovanotti
ThatKevinSmith,KevinSmith
MarioGoetze,Mario Götze
BDUTT,barkha dutt
thebeatles,The Beatles
kasimf,فيصل القاسم
SintoniaVerso,Sintonia Verso
Javier_Alatorre,Javier Alatorre
AxelOficial,Axel
KadimAlSahirORG,كاظم الساهر
Niltakipte,Nil Karaibrahimgil
MagicJohnson,Earvin Magic Johnson
BSchweinsteiger,Basti Schweinsteiger
KP24,Kevin Pietersen
Buenafuente,Andreu Buenafuente
ashleesimpson,Ashlee Simpson Ross
pabloalboran,Pablo Alborán
SSantiagosegura,Santiago Segura
drdre,Dr. Dre
KatGraham,Kat Graham
elonmusk,Elon Musk
mark_wahlberg,Mark Wahlberg
desta80s,Deddy Mahendra Desta
MissyElliott,Missy Elliott
PointlessBlog,Alfie Deyes
mariagadu,Maria Gadú
solennheussaff,Solenn Heussaff
DennyCagur,Denny Cagur 
Podolski10,Lukas-Podolski.com
ImRo45,Rohit Sharma 
macklemore,Macklemore
willylevy29,william levy
TheRealMikeEpps,Mike Epps
tarkan,Tarkan
10neto,Craque Neto 10
cadieckmann,carolina dieckmann
FannyLu,Fanny Lu
thekillers,The Killers
markhoppus,Dadcula
haashoficial,Ha*Ash
germanpaoloski,German Paoloski
LizGillies,Elizabeth Gillies
ActorLeeMinHo,Lee Min Ho
notch,Markus Persson
YALINonline,Yalın
radioleary,"""Dermot O'Leary"""
Elovera22,Emilio Lovera
russwest44,Russell Westbrook
henrylau89,Henry Lau
Trevornoah,Trevor Noah
OneRepublic,OneRepublic
rampalarjun,arjun rampal
officialJKT48,official JKT48
TheFarahKhan,Farah Khan
RyanSheckler,Ryan Sheckler
vazqueznico,Nicolas Vazquez
hardwick,Chris Hardwick
AlvaroMorata,Álvaro Morata
kerrywashington,kerry washington
cortezrafa,Rafael Cortez
marceloadnet0,Marcelo Adnet
Omar_Almulhem,عمر الملحم
BethanyMota, Bethany Mota ∞ 
Thiago6,Thiago Alcantara
TheCarlosPena,Carlos PenaVega
AlfredoFlores,Alfredo Flores
jackgilinsky,Jack Gilinsky
CAROLE_SAMAHA,CAROLE SAMAHA
TonyRobbins,Tony Robbins
carocruzosorio,Carolina Cruz Osorio
GaryValenciano1,GARY VALENCIANO
KendraWilkinson,Kendra Wilkinson
4everBrandy,The Next Brandy
GordonRamsay,Gordon Ramsay
henrygayle,Chris Gayle
SeppBlatter,Joseph S Blatter
fucktyler,"""Tyler"
kenandogulu,Kenan Doğulu
McIlroyRory,Rory Mcilroy
Garik2000,Гарик Харламов
gisel_la,Gisella Anastasia
RealPaulWalker,Paul Walker
YASSER_Q_Y20,YASSER.S.ALQAHTANI
FarrukoPR,Farruko
jhongsample,Jhong hilario
drangelocarbone,Dr. Angelo Carbone
Flordelav,Flor De La Ve
IanMcKellen,Ian McKellen
XianLimm,XIAN LIM
SamNasri19,Samir Nasri Official
zairana,Zaira Nara
DeepakChopra,Deepak Chopra
kingsthings,Larry King
Anggun_Cipta,Anggun Official
icecube,Ice Cube
LaraDutta,Lara Dutta Bhupathi
DAVID_LYNCH,David Lynch
LAAZCARATE,ALEJANDRA AZCÁRATE
jeremypiven,Jeremy Piven
FifthHarmony,Fifth Harmony
feliciaday,Felicia Day
ShraddhaKapoor,Shraddha Kapoor
TurkiAldakhil,#تركي_الدخيل
biz,Biz Stone
OscarDLeon,"""Oscar D' Leon"""
TomDaley1994,Tom Daley
chriscolfer,Chris Colfer
TheRealAC3,Ashley Cole
IAmJericho,Chris Jericho
JackJackJohnson,Jack Johnson
Dbolina,Dani Bolina
JoeyGraceffa,Joey Graceffa
Joe_Sugg,Joe Sugg
katedelcastillo,kate del castillo
masason,孫正義
aaronpaul_8,Aaron Paul
MannyPacquiaoTR,Manny Pacquiao
MsLaurenLondon,Lauren London
PaulMcCartney,Paul McCartney
rossR5,Ross Lynch
TheMandyMoore,Mandy Moore
adamlambert,ADAM LAMBERT
anandmahindra,anand mahindra
BillNye,Bill Nye
OlaAlfares,♛ ᴏʟᴀ ᴀʟғᴀʀᴇs ♛﹟HKJ
showimah,Soimah
greysonchance,Greyson Chance
JimGaffigan,Jim Gaffigan
DENISE_RICHARDS,Denise Richards
stephenasmith,Stephen A Smith
RichardHammond,Richard Hammond
ristomejide,Risto Mejide
iqbaale,IqbaalDhiafakhri-IDR
ThisisDavina,Davina McCall
D_Ospina1,David Ospina
emreaydin,Emre Aydın
raphaelvarane,Raphaël Varane
JAlvarezFlow,J Alvarez Flow
xtianbautista,Christian Bautista
carterreynolds,Carter Reynolds
KyrieIrving,Kyrie Irving
YosriFouda,Yosri Fouda
iloveruffag,Ruffa Gutierrez
jccaylen,☁︎jc
shymofficiel,"""Shy'm"""
Bourdain,Anthony Bourdain
RachelZoe,Rachel Zoe
djkhaled,DJ KHALED
angelicavale,Angelica Vale
jasonsegel,Jason Segel
dhikacungkring,andhika pratama
robbiewilliams,Robbie Williams
MrJamesMay,James May
ImZaheer,zaheer khan
lottietommo,Lottie Tomlinson
JackHarries,Jackson Harries
wandaicardi,Wanda Icardi
HeffronDrive,Kendall Schmidt
anakarylle,karylletatlonghari
elmorenomichael,EL MORENO MICHAEL
JeremyBieber,Jeremy Bieber
NathanKress,Nathan Kress
HARDWELL,Hardwell
Charlottegshore,Charlotte Crosby
sarseh,sarah sechan
Hadise,HADISE ACIKGOZ
S1dharthM,Sidharth Malhotra
Cyrilhanouna,Cyril Hanouna
twhiddleston,Tom Hiddleston
superstarrajini,Rajinikanth
manaoficial,Maná
CMPunk,Coach
MarcusButler,Marcus Butler
kojiharunyan,小嶋 陽菜
andrescepeda,Andrés Cepeda
pattonoswalt,Patton Oswalt
TripleH,Triple H
JodiStaMaria,Jodi Sta.Maria
sebastianrulli,Sebastian Rulli
carlosbaute,Carlos Baute
AudrinaPatridge,Audrina Patridge
dannapaola,Danna Paola
siyovushdustov,Siyovush Dustov
KattPackAllDay,Katt Williams
k_alshenaif,خالد الشنيف
officialpepe,Pepe
LeventUzumcu,Levent Üzümcü
ladyantebellum,Lady Antebellum
nxzerooficial,NX Zero
ShaneWarne,Shane Warne
AdnanAlarour,عدنان العرعور
Dynamomagician,Dynamo
booba,Booba
MustafaHosny,Mustafa Hosny
FrencHMonTanA,French Montana
KeithUrban,Keith Urban
xuxameneghel,Xuxa.com
cala,Ismael Cala
mariko_dayo,篠田麻里子
danimartinezweb,Dani Martínez
NajwaShihab,Najwa Shihab
AdalRamones,Adal Ramones
Ferrynimous,Ferry Yolanda F
belalfadl,Belal Fadl
OficialGio,Giovani Dos Santos
MikeVick,Mike Vick
woodyinho,Marco Reus
bobsaget,bob saget
TomFelton,Tom Felton
MrsSOsbourne,Sharon Osbourne
MartinGarrix,MARTIN GARRIX
SteveNash,Steve Nash
omeshomesh,ananda omesh
jotaquest,Jota Quest Oficial
mariashriver,Maria Shriver
esmuellert_,Thomas Müller
AlKohler7KEPO,Al Ghazali Kohler
Yusuf_Mansur,Yusuf Mansur
VincentKompany,Vincent Kompany
williebosshog,Willie Robertson
Stromae,Stromae
neilhimself,Neil Gaiman
MoezMasoud,Moez Masoud
DavidSpade,David Spade
PaulaAbdul,Paula Abdul
WWEDanielBryan,Daniel Bryan
drose,Derrick Rose
Fabio_Coentrao,Fabio Coentrao
ayseozyilmazel,ayse ozyilmazel
alo_oficial,Fernando Alonso
RebelWilson,Rebel Wilson
michaelbuble,Michael Bublé
robertmarion,Robi Domingo
bonnovanderputt,bonno van der putten
sgokbakar,Şahan Gökbakar
smoshanthony,Anthony Padilla
luke_brooks,Luke Brooks
depechemode,Depeche Mode
amyschumer,Amy Schumer
CraigyFerg,Craig Ferguson
FatinSL,Fatin Shidqia Lubis
mnzadornov,Михаил Задорнов
ayushmannk,Ayushmann Khurrana
BIRDMAN5STAR,BIRDMAN
danisuzuki,Dani Suzuki
kylieminogue,kylie minogue
Zedd,Zedd
SleepintheGardn,Troian
therealjuicyj,juicy j
manugavassi,Manu Gavassi
soujorge,Seu Jorge
