0,KATY PERRY,36,katyperry
1,Justin Bieber,27,justinbieber
2,Taylor Swift,31,taylorswift13
3,Rihanna,33,rihanna
4,Justin Timberlake,40,jtimberlake
5,Ellen DeGeneres,63,TheEllenShow
6,Britney Spears,39,britneyspears
7,Cristiano Ronaldo,36,Cristiano
8,Kim Kardashian West,40,KimKardashian
9,Shakira,44,shakira
10,Selena Gomez,28,selenagomez
11,Jennifer Lopez,51,JLo
12,Ariana Grande,27,ArianaGrande
13,Demi Lovato,28,ddlovato
14,jimmy fallon,46,jimmyfallon
15,Oprah Winfrey,67,Oprah
16,Drizzy,34,Drake
17,Bill Gates,65,BillGates
18,LeBron James,36,KingJames
19,Bruno Mars,35,BrunoMars
20,Adele,32,Adele
21,Niall Horan,27,NiallOfficial
22,Miley Ray Cyrus,28,MileyCyrus
23,Alicia Keys,40,aliciakeys
24,Kevin Hart,41,KevinHart4real
25,Louis Tomlinson,29,Louis_Tomlinson
26,NICKI MINAJ,38,NICKIMINAJ
27,Neymar Jr,29,neymarjr
28,Marshall Mathers,48,Eminem
29,Emma Watson,31,EmWatson
30,Avril Lavigne,-1,AvrilLavigne
31,Neil Patrick Harris,47,ActuallyNPH
32,daniel tosh,45,danieltosh
33,David Guetta,53,davidguetta
34,Amitabh Bachchan,78,SrBachchan
35,ashton kutcher,43,aplusk
36,Khloé,36,khloekardashian
37,Kourtney Kardashian,42,kourtneykardash
38,Shah Rukh Khan,55,iamsrk
39,Mariah Carey,-1,MariahCarey
40,Ed Sheeran,30,edsheeran
41,Christina Aguilera,40,xtina
42,Jim Carrey,59,JimCarrey
43,KANYE WEST,43,kanyewest
44,Chris Brown,31,chrisbrown
45,Aamir Khan,56,aamir_khan
46,Salman Khan,55,BeingSalmanKhan
47,Beyoncé Knowles,39,Beyonce
48,Blake Shelton,44,blakeshelton
49,Ryan Seacrest,46,RyanSeacrest
50,Ivete Sangalo,48,ivetesangalo
51,Leonardo DiCaprio,46,LeoDiCaprio
52,Paris Hilton,40,ParisHilton
53,will.i.am,46,iamwill
54,Kendall Jenner,25,KendallJenner
55,Tyra Banks,47,tyrabanks
56,Snoop Dogg,49,SnoopDogg
57,Alejandro Sanz,52,AlejandroSanz
58,Ricky Martin,49,ricky_martin
59,Ronaldinho Gaúcho,41,10Ronaldinho
60,Simon Cowell,61,SimonCowell
61,Wayne Rooney,35,WayneRooney
62,Kevin Durant,32,KDTrey5
63,raditya dika,36,radityadika
64,Kylie Jenner,23,KylieJenner
65,Claudia Leitte,40,ClaudiaLeitte
66,Danilo Gentili,41,DaniloGentili
67,Deepika Padukone,35,deepikapadukone
68,Stephen Fry,63,stephenfry
69,Charlie Sheen,55,charliesheen
70,Andrés Iniesta,36,andresiniesta8
71,Hrithik Roshan,47,iHrithik
72,PRIYANKA ,,priyankachopra
73,Luciano Huck,49,LucianoHuck
74,Gerard Piqué,34,3gerardpique
75,Zac Efron,33,ZacEfron
76,Carly Rae Jepsen,35,carlyraejepsen
77,Russell Brand,45,rustyrockets
78,JUANES,48,juanes
79,Paulina Rubio,49,paurubio
80,Sean Diddy Combs,-1,iamdiddy
81,Ludacris,43,Ludacris
82,SHAQ,49,SHAQ
83,Paulo Coelho,73,paulocoelho
84,Sabrina Sato Rahal,40,SabrinaSatoReal
85,Kelly Clarkson,39,kelly_clarkson
86,Tom Hanks,64,tomhanks
87,Akshay Kumar,53,akshaykumar
88,luna maya,37,LunaMaya26
89,Ricky Gervais,59,rickygervais
90,Mesut Özil,32,MesutOzil1088
91,Cem Yılmaz,48,CMYLMZ
92,Nick Jonas,28,nickjonas
93,Xabi Alonso,39,XabiAlonso
94,Dwayne Johnson,49,TheRock
95,Enrique Iglesias,45,enrique305
96,Stephen Colbert,56,StephenAtHome
97,Victoria Justice,28,VictoriaJustice
98,Radamel Falcao,35,FALCAO
99,Lindsay Lohan,34,lindsaylohan
100,A.R.Rahman,54,arrahman
101,Austin Mahone,25,AustinMahone
102,Victoria Beckham,47,victoriabeckham
103,James Rodríguez,29,jamesdrodriguez
104,Trey Songz,36,TreySongz
105,Sofia Vergara,48,SofiaVergara
106,Jessica Alba,40,jessicaalba
107,Rafa Nadal,34,RafaelNadal
108,Rafinha Bastos,44,rafinhabastos
109,Daddy Yankee,45,daddy_yankee
110,afgansyah reza,31,afgansyah_reza
111,Anahi,37,Anahi
112,Virat Kohli ,32,imVkohli
113,Jessie J,33,JessieJ
114,Vidi Aldiano,31,vidialdiano
115,sachin tendulkar,48,sachin_rt
116,Marcelo Tas,61,MarceloTas
117,Carles Puyol,43,Carles5puyol
118,Seth MacFarlane,47,SethMacFarlane
119,Marc Anthony,52,MarcAnthony
120,Pharrell Williams,48,Pharrell
121,Big Sean,33,BigSean
122,Aziz Ansari,38,azizansari
123,Kobe Bryant,42,kobebryant
124,David Bisbal,41,davidbisbal
125,Tata werneck,37,Tatawerneck
126,Channing Tatum,41,channingtatum
127,Robin van Persie,37,Persie_Official
128,Sonam Kapoor,35,sonamakapoor
129,Cody Simpson,24,CodySimpson
130,Luis Fonsi ,43,LuisFonsi
131,Marco Luque,47,marcoluque
132,David Luiz,34,DavidLuiz_4
133,Gareth Bale,31,GarethBale11
134,John Cena,44,JohnCena
135,Eugenio Derbez,59,EugenioDerbez
136,J. Cole,36,JColeNC
137,Miranda Cosgrove,27,MirandaCosgrove
138,John Legend,42,johnlegend
139,Eva Longoria,46,EvaLongoria
140,Karan Johar,48,karanjohar
141,David Villa,39,Guaje7Villa
142,Cher Lloyd,27,CherLloyd
143,Jessica Simpson,40,JessicaSimpson
144,Nancy Ajram,37,NancyAjram
145,Anderson Silva,46,SpiderAnderson
146,Ricardo Montaner,63,montanertwiter
147,Carmelo Anthony,36,carmeloanthony
148,Sarah Silverman,50,SarahKSilverman
149,T-Raww,31,Tyga
150,Nicole Polizzi,33,snooki
151,marcelo tinelli,61,cuervotinelli
152,Angel Locsin,36,143redangel
153,Queen Latifah,51,IAMQUEENLATIFAH
154,zooey deschanel,41,ZooeyDeschanel
155,Raffi Ahmad,34,RaffiAhmadLagi
156,NE-YO,41,NeYoCompound
157,Calvin Harris,37,CalvinHarris
158,Richard Branson,70,richardbranson
159,Ciara,35,ciara
160,Steve Martin,75,SteveMartinToGo
161,Olly Murs,36,ollyofficial
162,Daniel Alves,37,DaniAlvesD2
163,KELENDRIA ROWLAND,40,KELLYROWLAND
164,fearne cotton,39,Fearnecotton
165,Rio Ferdinand,42,rioferdy5
166,Floyd Mayweather,44,FloydMayweather
167,Luke Hemmings,24,Luke5SOS
168,shireen sungkar,29,shireensungkar
169,Jessica Iskandar,33,jedarcantik
170,Anderson Cooper,53,andersoncooper
171,Mario Teguh,65,MTLovenHoney
172,Fabio Porchat,37,FabioPorchat
173,Farhan Akhtar,47,FarOutAkhtar
174,Gusttavo Lima,31,gusttavo_lima
175,bella thorne,23,bellathorne
176,Pitty ,43,pittyleone
177,Holly Willoughby,40,hollywills
178,Juan Luis Guerra,63,JuanLuisGuerra
179,T.I.,-1,Tip
180,Perez Hilton,43,PerezHilton
181,Dwight Howard,35,DwightHoward
182,CHAYANNE,52,CHAYANNEMUSIC
183,jose marie viceral,45,vicegandako
184,Zendaya,24,Zendaya
185,Dulce Maria,35,DulceMaria
186,Ian Somerhalder,42,iansomerhalder
187,Kris Jenner,65,KrisJenner
188,Jimmy Kimmel,53,jimmykimmel
189,Hugh Jackman,52,RealHughJackman
190,Luan Santana,30,luansantana
191,IGGY AZALEA,30,IGGYAZALEA
192,Galilea Montijo,47,GalileaMontijo
193,Anushka Sharma,33,AnushkaSharma
194,ROBERT KARDASHIAN,77,robkardashian
195,AKON,48,Akon
196,Jason Mraz,43,jason_mraz
197,Nina Dobrev,32,ninadobrev
198,Omar Chaparro,46,OMARCHAPARRO
199,Sergio Ramos,35,SergioRamos
200,Lana Del Rey,35,LanaDelRey
201,Sonakshi Sinha,33,sonakshisinha
202,Javier Mascherano,36,Mascherano
203,Chetan Bhagat,47,chetan_bhagat
204,Calum Hood,25,Calum5SOS
205,J.K. Rowling,55,jk_rowling
206,FLO RIDA,41,official_flo
207,Chelsea Handler,46,chelseahandler
208,Scott Disick,37,ScottDisick
209,Jaden Smith,22,officialjaden
210,Luis Suarez,34,LuisSuarez9
211,Parineeti Chopra,32,ParineetiChopra
212,Robert Downey Jr,56,RobertDowneyJr
213,Gonzalo Higuaín,33,G_Higuain
214,Jimmy Carr,48,jimmycarr
215,Tom Cruise,58,TomCruise
216,Kendrick Lamar,33,kendricklamar
217,Serena Williams,39,serenawilliams
218,Residente,43,Residente
219,Adam Levine,42,adamlevine
220,Jeremy Clarkson,61,JeremyClarkson
221,Ana Hickmann,40,ahickmann
222,Vanessa Hudgens,32,VanessaHudgens
223,Ellie Goulding,34,elliegoulding
224,Cameron Dallas,26,camerondallas
225,Joaquín López-Dóriga,74,lopezdoriga
226,Kiran Bedi,71,thekiranbedi
227,Raisa Andriana,30,raisa6690
228,Anupam Kher,66,AnupamPkher
229,Michelle Obama,57,MichelleObama
230,Mary J. Blige,50,maryjblige
231,Serginho Groisman,70,oserginho
232,Demi Moore,58,justdemi
233,Samuel L. Jackson,72,SamuelLJackson
234,Nicole Scherzinger,42,NicoleScherzy
235,okan bayulgen,,okanbayulgen
236,Amr Khaled,53,amrkhaled
237,Meek Mill,33,MeekMill
238,Iker Casillas,39,CasillasWorld
239,Rita Ora,30,RitaOra
240,Luisana Lopilato,33,lulopilato
241,Nick Cannon,40,NickCannon
242,Sandy Leah,38,SandyLeah
243,Miranda Lambert,37,mirandalambert
244,Nash Grier,23,Nashgrier
245,bunga citra lestari,38,bclsinclair
246,Ben Stiller,55,RedHourBen
247,Yeng Constantino,32,YengPLUGGEDin
248,Mindy Kaling,41,mindykaling
249,Luke Bryan,44,LukeBryanOnline
250,SIWON CHOI,35,siwon407
251,David De Gea,30,D_DeGea
252,Tiger Woods,-1,TigerWoods
253,Mike Tyson,54,MikeTyson
254,Lenny Kravitz,56,LennyKravitz
255,kevin jonas,33,kevinjonas
256,Jonah Hill,37,JonahHill
257,Nicole Richie,39,nicolerichie
258,Hilary Duff,-1,HilaryDuff
259,Suresh Raina,34,ImRaina
260,Ratan N. Tata,83,RNTata2000
261,G-DRAGON,32,IBGDRGN
262,Anna Kendrick,35,AnnaKendrick47
263,Alan Carr,44,AlanCarr
264,Angelica Panganiban,34,sectorkekz
265,Jonathan Ross,60,wossy
266,Lucy Hale,31,lucyhale
267,Bridgit Mendler,28,bridgitmendler
268,John Cleese,81,JohnCleese
269,Prince Royce,31,PrinceRoyce
270,Tiago Leifert,40,TiagoLeifert
271,Carrie Underwood,38,carrieunderwood
272,Yoko Ono,88,yokoono
273,Novak Djokovic,33,DjokerNole
274,gaby espino,43,gabyespino
275,Laudya cynthia bella,33,Bellaudyaa
276,Bill Simmons,51,BillSimmons
277,Diego Forlan,41,DiegoForlan7
278,Lea Michele,34,msleamichele
279,Bianca Gonzalez,38,iamsuperbianca
280,Mahendra Singh Dhoni,39,msdhoni
281,Piers Morgan,56,piersmorgan
282,SKRILLEX,33,Skrillex
283,Virender Sehwag,42,virendersehwag
284,Lord Sugar,74,Lord_Sugar
285,Cyprien,31,MonsieurDream
286,Chris Paul,35,CP3
287,Jamie Foxx,53,iamjamiefoxx
288,Irfan Bachdim,32,IrfanBachdim10
289,Daniel Padilla,26,imdanielpadilla
290,Gad Elmaleh,50,gadelmaleh
291,Marcelo Vieira,32,MarceloM12
292,Michel Teló,40,micheltelo
293,Luis Manzano,40,luckymanzano
294,Steve Carell,58,SteveCarell
295,Neil deGrasse Tyson,62,neiltyson
296,Noel Schajris,46,NoelSchajris
297,Rev Run,56,RevRunWisdom
298,Sandra Dewi,37,SandraDewi88
299,Amr Diab,59,amrdiab
300,Shawn Mendes,22,ShawnMendes
301,Aleks Syntek,51,syntekoficial
302,Felipe Neto,33,felipeneto
303,Polo Polo,,polo_polo
304,Vijay Mallya ,65,TheVijayMallya
305,Ashton Irwin,26,Ashton5SOS
306,Riteish Deshmukh ,42,Riteishd
307,LAMAR ODOM,41,RealLamarOdom
308,Preta Gil,46,PretaGil
309,TOM CAVALCANTE,59,TomCavalcante1
310,Randy Orton,41,RandyOrton
311,Kevin Spacey,61,KevinSpacey
312,Ozzy Osbourne,72,OzzyOsbourne
313,Adam Schefter,54,AdamSchefter
314,Gary Lineker,60,GaryLineker
315,Vhong Navarro,44,VhongX44
316,Cristine Reyes,32,_CristineReyes_
317,Jordin Sparks,31,JordinSparks
318,Sıla Gençoğlu,40,silagencoglu
319,Rania Al Abdullah,50,QueenRania
320,Hulya Avsar,57,hulyavsar
321,Najwa Karam,55,najwakaram
322,Victor Valdes,39,1victorvaldes
323,Jamel Debbouze,45,DebbouzeJamel
324,Julia Montes,26,montesjulia
325,Eden hazard,30,hazardeden10
326,Ajay Devgn,52,ajaydevgn
327,Miranda Kerr,38,MirandaKerr
328,Gary Barlow,50,GaryBarlow
329,SHILPA SHETTY KUNDRA,45,TheShilpaShetty
330,Carmen Aristegui,57,aristeguicnn
331,Bill Cosby,83,BillCosby
332,Tony Hawk,52,tonyhawk
333,Andrea Legarreta,49,AndreaLegarreta
334,Tyler Perry,51,tylerperry
335,Julieta Venegas,50,julietav
336,Bipasha Basu,42,bipsluvurself
337,PSY,-1,psy_oppa
338,Cara Delevingne,28,Caradelevingne
339,zach galifianakis,51,galifianakisz
340,Kelly Osbourne,36,KellyOsbourne
341,Eddie Izzard,59,eddieizzard
342,cüneyt özdemir,51,cuneytozdemir
343,Joel Osteen,58,JoelOsteen
344,Keri Hilson,38,KeriHilson
345,Yılmaz Erdoğan,53,yilmazerdogan
346,Preity zinta,46,realpreityzinta
347,Roger Federer,39,rogerfederer
348,Lorde,24,lordemusic
349,Ezequiel Lavezzi,36,PochoLavezzi
350,Carlos Vives,59,carlosvives
351,Jack Whitehall,32,jackwhitehall
352,Al Yankovic,61,alyankovic
353,Alejandro Fernandez,50,alexoficial
354,Shreya Ghoshal,37,shreyaghoshal
355,Laura G,35,LAURAGII
356,Ragheb Alama,58,raghebalama
357,Wyclef Jean,51,wyclef
358,Scooter Braun,39,scooterbraun
359,Adela Micha ,57,Adela_Micha
360,Tiësto,52,tiesto
361,Ashley Benson,31,AshBenzo
362,Ivan Urgant,43,urgantcom
363,Norman Thavaud,34,NormanDesVideos
364,Lance Armstrong,49,lancearmstrong
365,Paul Wesley,38,paulwesley
366,Luis Chataing,54,LuisChataing
367,Álvaro Arbeloa,38,aarbeloa17
368,Paul Pierce,43,paulpierce34
369,Joseph Gordon-Levitt,40,hitRECordJoe
370,Hamza Namira,-1,HamzaNamira
371,Madhuri Dixit-Nene,53,MadhuriDixit
372,Jennifer Hudson,39,IAMJHUD
373,Mark Cuban,62,mcuban
374,Dr. Mehmet Oz,60,DrOz
375,Joyce Meyer,77,JoyceMeyer
376,Valentino Rossi,42,ValeYellow46
377,Taraji P. Henson,50,TherealTaraji
378,Mohamed ElBaradei,78,ElBaradei
379,Jim Jones ,89,jimjonescapo
380,Joel McHale,49,joelmchale
381,Jaime Camil,47,jaimecamil
382,Acun Ilıcalı,51,acunilicali
383,Aline Barros,44,alinebarros
384,Willy,,OfficialWillow
385,ahmet hakan,53,ahmethc
386,SAM SMITH,28,samsmithworld
387,Phillip Schofield,59,Schofe
388,きゃりーぱみゅぱみゅ,28,pamyurin
389,Emily Osment,29,EmilyOsment
390,Enrique Gil,29,itsenriquegil
391,Sam Milby,36,samuelmilby
392,Mario Balotelli,30,FinallyMario
393,Dolly Parton,75,DollyParton
394,Chris Moyles,47,ChrisMoyles
395,Brad Paisley,48,BradPaisley
396,Franco De Vita ,67,FrancoDVita
397,Haifa Wehbe,49,HaifaWehbe
398,Danny DeVito,76,DannyDeVito
399,Rob Dyrdek,46,robdyrdek
400,JWOWW,35,JENNIWOWW
401,Lata Mangeshkar,91,mangeshkarlata
402,Paula Fernandes,38,PaulaFernandes7
403,Syahrini,38,PrincesSyahrini
404,Jason Derulo,31,jasonderulo
405,Bruno Gagliasso,39,brunogagliasso
406,Bruna Marquezine,25,BruMarquezine
407,Josh Devine,29,JoshDevineDrums
408,Pedro Alfonso,,pedroalfonsoo
409,kesha ,34,KeshaRose
410,Russell Simmons,63,UncleRUSH
411,Jake T. Austin,26,JakeTAustin
412,Tulisa Contostavlos,32,officialtulisa
413,Chris Rock,56,chrisrock
414,Wesley Sneijder,36,sneijder101010
415,Murat Boz,41,MuratBoz
416,James Franco,43,JamesFrancoTV
417,amanda bynes,35,amandabynes
418,Ana Maria Braga,72,ANAMARIABRAGA
419,MC HAMMER,59,MCHammer
420,Gisele Bündchen,40,giseleofficial
421,Fergie,,Fergie
422,Nelly Furtado,42,NellyFurtado
423,kim atienza,54,kuyakim_atienza
424,Nikki Gil,33,nikkigil
425,Romeo Santos,39,RomeoSantosPage
426,yuvraj singh,39,YUVSTRONG12
427,Lauren Conrad,35,LaurenConrad
428,David Silva,35,21LVA
429,Caio Castro,32,CaioCastro
430,Ahmet Kural,38,AHMTKURAL
431,Titi Kamal,39,Titi_KamaLL
432,JORGE RIAL,59,rialjorge
433,Brooke Burke-Charvet,49,brookeburke
434,Peter Andre,48,MrPeterAndre
435,Toni Kroos,31,ToniKroos
436,Mustafa Ceceli,40,mustafaceceli
437,Giuliana Rancic,46,GiulianaRancic
438,Yesung,36,shfly3424
439,Andres Lopez Forero,49,lopezandres
440,Joey Essex,30,JoeyEssex_
441,Heidi Klum,47,heidiklum
442, Mustafa agha,57,mustafa_agha
443,Emma Roberts,30,RobertsEmma
444,Busta Rhymes,48,BustaRhymes
445,Mano Menezes,58,manomenezes
446,Nathan Fillion,50,NathanFillion
447,Pattie Mallette,46,pattiemallette
448,Gustavo Cerati,61,cerati
449,Fabolous,43,myfabolouslife
450,Blake Griffin,32,blakegriffin32
451,Dana White,51,danawhite
452,Espinoza Paz,39,EspinozaOficial
453,Seth Rogen,39,Sethrogen
454,Andy Murray,33,andy_murray
455,John Bishop,54,JohnBishop100
456,Lali Esposito,29,laliespos
457,michelle keegan,33,michkeegan
458,deadmau5,40,deadmau5
459,Pedro Bial,63,PBiaL
460,BRUNO IERULLO,,BRUNOIERULLO
461,michael owen,41,themichaelowen
462,Drake Bell,34,DrakeBell
463,Ansel Elgort,27,AnselElgort
464,Sara Bareilles,41,SaraBareilles
465,Matt Pokora,35,MPOFFICIAL
466,Tito El Bambino,39,Tbambino
467,ISCO ALARCON,29,isco_alarcon
468,Manuel Neuer,35,Manuel_Neuer
469,Seth Meyers,47,sethmeyers
470,Andrea Serna,44,AndreaSernaTV
471,Lee Teuk,37,special1004
472,Janet Jackson,54,JanetJackson
473,Pau Gasol,40,paugasol
474,Bill Maher,65,billmaher
475,J BALVIN,35,JBALVIN
476,Vinny Guadagnino,33,VINNYGUADAGNINO
477,Lea Salonga,50,MsLeaSalonga
478,Manu Ginobili,43,manuginobili
479,Georgina Wilson,35,ilovegeorgina
480,JACKY BRACAMONTES,41,jackybrv
481,Dane Cook,49,DaneCook
482,Jerry Seinfeld,67,JerrySeinfeld
483,Genelia Deshmukh,33,geneliad
484,Tracy Morgan,52,RealTracyMorgan
485,Dr Drew,62,drdrew
486,Felipe Andreoli,41,andreolifelipe
487,Logan Henderson,-1,1LoganHenderson
488,Zlatan Ibrahimović,39,Ibra_official
489,Hande Yener,48,handeyener
490,Caitlyn Jenner,71,Caitlyn_Jenner
491,Amber Rose,37,DaRealAmberRose
492,Jacqueline Fernandez,35,Asli_Jacqueline
493,Karim Benzema,33,Benzema
494,Martha Stewart,79,MarthaStewart
495,James Maslow,30,jamesmaslow
496,Susana Gimenez,77,Su_Gimenez
497,David Henrie,31,DavidHenrie
498,Caspar Lee,27,Caspar_Lee
499,Steve Aoki,43,steveaoki
500,James Harden,31,JHarden13
501,shruti haasan,35,shrutihaasan
502,Steve Austin,56,steveaustinBSR
503,Sandara Park,36,krungy21
504,Nina Garcia,56,ninagarcia
505,Hayes Grier,20,HayesGrier
506,Shay Mitchell,34,shaymitch
507,Troye Sivan,25,troyesivan
508,Harsha Bhogle,59,bhogleharsha
509,deborah secco,41,dedesecco
510,Juliana Paes,42,jupaesoficial
511,Gary Neville,46,GNev2
512,Stephen Curry,33,StephenCurry30
513,Tim Tebow,33,TimTebow
514,Lewis Hamilton,36,LewisHamilton
515,Giovanna Antonelli,45,gio_antonelli
516,Josh Hutcherson,28,jhutch1992
517,Fernando Torres,37,Torres
518,Amr Waked,48,amrwaked
519,Boman Irani,61,bomanirani
520,Lena Dunham,34,lenadunham
521,Leigh Francis,48,LeighFrancis
522,Willie Colón,71,williecolon
523,Eser YENENLER,37,eseryenenler
524,The Weeknd,31,theweeknd
525,Steve Harvey,64,IAmSteveHarvey
526,Erin Andrews,42,ErinAndrews
527,Oscar Filho,42,OscarFilho
528,Rajdeep Sardesai,55,sardesairajdeep
529,chris pratt,41,prattprattpratt
530,Gabrielle Union,48,itsgabrielleu
531,Sertab Erener,56,sertaberener
532,Sonu Nigam,47,sonunigam
533,Jason Aldean,44,Jason_Aldean
534,松本人志,57,matsu_bouzu
535,Cher  ,74,cher
536,Alyssa Milano,48,Alyssa_Milano
537,Lisa Surihani,35,LisaSurihani
538,Lorenzo Jovanotti,54,lorenzojova
539,Mario Götze,28,MarioGoetze
540,barkha dutt,49,BDUTT
541,Nil Karaibrahimgil,44,Niltakipte
542,Earvin Magic Johnson,61,MagicJohnson
543,Basti Schweinsteiger,36,BSchweinsteiger
544,Kevin Pietersen,40,KP24
545,Andreu Buenafuente,56,Buenafuente
546,Pablo Alborán,31,pabloalboran
547,Santiago Segura,55,SSantiagosegura
548,Dr. Dre,56,drdre
549,Kat Graham,31,KatGraham
550,Elon Musk,49,elonmusk
551,Mark Wahlberg,49,mark_wahlberg
552,Missy Elliott,49,MissyElliott
553,Alfie Deyes,27,PointlessBlog
554,Maria Gadú,34,mariagadu
555,Solenn Heussaff,-1,solennheussaff
556,Denny Cagur ,43,DennyCagur
557,Rohit Sharma ,34,ImRo45
558,Macklemore,37,macklemore
559,Mike Epps,50,TheRealMikeEpps
560,carolina dieckmann,42,cadieckmann
561,Fanny Lu,48,FannyLu
562,German Paoloski,46,germanpaoloski
563,Elizabeth Gillies,27,LizGillies
564,Markus Persson,41,notch
565,Yalın,41,YALINonline
566,Russell Westbrook,32,russwest44
567,Henry Lau,31,henrylau89
568,Trevor Noah,37,Trevornoah
569,arjun rampal,48,rampalarjun
570,Farah Khan,56,TheFarahKhan
571,Ryan Sheckler,31,RyanSheckler
572,Nicolas Vazquez,43,vazqueznico
573,Chris Hardwick,49,hardwick
574,Álvaro Morata,28,AlvaroMorata
575,kerry washington,44,kerrywashington
576,Rafael Cortez,44,cortezrafa
577,Marcelo Adnet,39,marceloadnet0
578,Thiago Alcantara,30,Thiago6
579,Carlos PenaVega,31,TheCarlosPena
580,Alfredo Flores,32,AlfredoFlores
581,Jack Gilinsky,25,jackgilinsky
582,CAROLE SAMAHA,48,CAROLE_SAMAHA
583,Tony Robbins,61,TonyRobbins
584,GARY VALENCIANO,56,GaryValenciano1
585,Kendra Wilkinson,35,KendraWilkinson
586,Gordon Ramsay,54,GordonRamsay
587,Chris Gayle,41,henrygayle
588,Joseph S Blatter,85,SeppBlatter
589,Kenan Doğulu,46,kenandogulu
590,Gisella Anastasia,30,gisel_la
591,Paul Walker,47,RealPaulWalker
592,Farruko,30,FarrukoPR
593,Jhong hilario,44,jhongsample
594,Ian McKellen,81,IanMcKellen
595,XIAN LIM,31,XianLimm
596,Zaira Nara,32,zairana
597,Deepak Chopra,74,DeepakChopra
598,Larry King,87,kingsthings
599,Ice Cube,51,icecube
600,Lara Dutta Bhupathi,43,LaraDutta
601,David Lynch,75,DAVID_LYNCH
602,ALEJANDRA AZCÁRATE,,LAAZCARATE
603,Jeremy Piven,55,jeremypiven
604,Felicia Day,41,feliciaday
605,Shraddha Kapoor,34,ShraddhaKapoor
606,Biz Stone,47,biz
607,Tom Daley,26,TomDaley1994
608,Chris Colfer,30,chriscolfer
609,Ashley Cole,40,TheRealAC3
610,Chris Jericho,50,IAmJericho
611,Joey Graceffa,29,JoeyGraceffa
612,Joe Sugg,29,Joe_Sugg
613,kate del castillo,48,katedelcastillo
614,孫正義,63,masason
615,Aaron Paul,41,aaronpaul_8
616,Manny Pacquiao,42,MannyPacquiaoTR
617,Lauren London,36,MsLaurenLondon
618,Paul McCartney,78,PaulMcCartney
619,Ross Lynch,25,rossR5
620,Mandy Moore,37,TheMandyMoore
621,ADAM LAMBERT,39,adamlambert
622,anand mahindra,66,anandmahindra
623,Bill Nye,65,BillNye
624,Greyson Chance,23,greysonchance
625,Jim Gaffigan,54,JimGaffigan
626,Denise Richards,50,DENISE_RICHARDS
627,Stephen A Smith,53,stephenasmith
628,Richard Hammond,51,RichardHammond
629,Risto Mejide,46,ristomejide
630,Davina McCall,53,ThisisDavina
631,David Ospina,32,D_Ospina1
632,Raphaël Varane,28,raphaelvarane
633,Christian Bautista,39,xtianbautista
634,Kyrie Irving,29,KyrieIrving
635,Ruffa Gutierrez,46,iloveruffag
636,Anthony Bourdain,64,Bourdain
637,Rachel Zoe,49,RachelZoe
638,DJ KHALED,45,djkhaled
639,Angelica Vale,45,angelicavale
640,Jason Segel,41,jasonsegel
641,Robbie Williams,47,robbiewilliams
642,James May,58,MrJamesMay
643,zaheer khan,42,ImZaheer
644,Lottie Tomlinson,22,lottietommo
645,Wanda Icardi,34,wandaicardi
646,Kendall Schmidt,30,HeffronDrive
647,EL MORENO MICHAEL,53,elmorenomichael
648,Nathan Kress,28,NathanKress
649,Hardwell,33,HARDWELL
650,Charlotte Crosby,30,Charlottegshore
651,HADISE ACIKGOZ,35,Hadise
652,Sidharth Malhotra,36,S1dharthM
653,Cyril Hanouna,46,Cyrilhanouna
654,Tom Hiddleston,40,twhiddleston
655,Rajinikanth,70,superstarrajini
656,Marcus Butler,29,MarcusButler
657,Andrés Cepeda,47,andrescepeda
658,Patton Oswalt,52,pattonoswalt
659,Triple H,51,TripleH
660,Sebastian Rulli,45,sebastianrulli
661,Carlos Baute,-1,carlosbaute
662,Audrina Patridge,35,AudrinaPatridge
663,Danna Paola,25,dannapaola
664,Katt Williams,49,KattPackAllDay
665,Pepe,,officialpepe
666,Levent Üzümcü,48,LeventUzumcu
667,Shane Warne,51,ShaneWarne
668,Dynamo,,Dynamomagician
669,Booba,44,booba
670,French Montana,36,FrencHMonTanA
671,Keith Urban,53,KeithUrban
672,篠田麻里子,35,mariko_dayo
673,Najwa Shihab,43,NajwaShihab
674,Adal Ramones,59,AdalRamones
675,Belal Fadl,,belalfadl
676,Giovani Dos Santos,31,OficialGio
677,Marco Reus,31,woodyinho
678,bob saget,64,bobsaget
679,Tom Felton,33,TomFelton
680,Sharon Osbourne,68,MrsSOsbourne
681,MARTIN GARRIX,24,MartinGarrix
682,Steve Nash,47,SteveNash
683,ananda omesh,34,omeshomesh
684,Maria Shriver,65,mariashriver
685,Thomas Müller,31,esmuellert_
686,Yusuf Mansur,44,Yusuf_Mansur
687,Vincent Kompany,35,VincentKompany
688,Willie Robertson,49,williebosshog
689,Stromae,36,Stromae
690,Neil Gaiman,60,neilhimself
691,David Spade,56,DavidSpade
692,Paula Abdul,58,PaulaAbdul
693,Daniel Bryan,39,WWEDanielBryan
694,Derrick Rose,32,drose
695,Fabio Coentrao,33,Fabio_Coentrao
696,Fernando Alonso,39,alo_oficial
697,Rebel Wilson,41,RebelWilson
698,Michael Bublé,45,michaelbuble
699,Robi Domingo,31,robertmarion
700,Şahan Gökbakar,40,sgokbakar
701,Luke Brooks,26,luke_brooks
702,Amy Schumer,39,amyschumer
703,Craig Ferguson,58,CraigyFerg
704,Fatin Shidqia Lubis,24,FatinSL
705,Ayushmann Khurrana,36,ayushmannk
706,kylie minogue,52,kylieminogue
707,Zedd,31,Zedd
708,juicy j,46,therealjuicyj
709,Manu Gavassi,28,manugavassi
