fast, 30
through, 162
the, 10415
top, 137
10, 139
of, 4462
americanidol, 283
tune, 166
in, 3718
to, 8035
if, 549
you, 4849
believe, 128
as, 723
much, 454
a, 5643
hot, 55
with, 2486
full, 179
throw, 18
on, 3584
anyone, 103
who, 582
doesnt, 55
we, 1634
have, 1067
best, 449
t, 338
just, 996
posted, 188
photo, 197
peek, 25
at, 1695
my, 3181
launching, 31
tomorrow, 292
and, 5560
dont, 468
forget, 68
drop, 84
me, 1561
questions, 91
is, 3390
joy, 57
behind, 84
scenes, 41
our, 1049
very, 290
all, 1490
i, 3906
gotta, 48
say, 198
thats, 204
what, 858
get, 863
for, 4099
up, 796
vegas, 36
rest, 87
justice, 94
george, 26
floyd, 18
ill, 182
be, 1367
chatting, 31
about, 748
design, 26
process, 13
answering, 16
your, 1559
so, 1582
them, 200
back, 560
know, 455
were, 437
im, 935
pleased, 13
announce, 75
that, 1439
sharing, 41
new, 1374
spring, 41
this, 3032
time, 642
can, 598
call, 99
it, 2051
west, 36
coast, 42
turn, 50
into, 237
biggest, 66
season, 178
america, 77
week, 251
vote, 260
from, 980
last, 282
do, 736
want, 264
come, 226
did, 219
he, 363
song, 295
was, 982
got, 394
its, 1091
first, 478
love, 1290
written, 35
when, 448
idol, 13
8, 46
but, 664
across, 51
nation, 23
after, 216
performance, 100
tips, 17
always, 341
too, 228
close, 38
before, 131
times, 117
still, 230
most, 249
moment, 99
television, 16
year, 420
finally, 105
ok, 65
big, 255
stage, 57
mean, 50
put, 123
third, 18
only, 298
one, 830
way, 266
word, 37
d, 70
v, 48
welcome, 131
excited, 305
faces, 13
tonight, 586
finding, 19
getting, 131
tonights, 58
c, 68
youre, 274
watching, 166
are, 1309
like, 622
am, 259
going, 313
down, 183
9, 39
obviously, 12
not, 639
fine, 29
true, 96
has, 560
problem, 18
filmed, 11
human, 47
social, 52
media, 33
lots, 53
must, 85
no, 523
12, 47
dress, 69
hope, 266
right, 342
now, 1371
actual, 20
look, 247
perform, 40
keep, 198
classic, 45
beats, 11
cool, 83
looking, 154
contestants, 20
two, 178
left, 78
16, 31
isnt, 40
us, 606
soon, 171
starts, 82
singing, 37
his, 483
many, 213
meet, 88
n, 110
favorite, 226
songs, 76
few, 109
people, 394
done, 135
congrats, 145
trying, 79
find, 115
where, 141
extra, 30
youve, 90
made, 258
next, 265
goal, 33
okay, 25
cold, 13
once, 51
herself, 15
really, 253
music, 303
forever, 57
level, 25
took, 64
ride, 31
had, 341
feeling, 99
feelings, 13
during, 88
keeps, 14
space, 45
her, 420
voice, 60
bed, 45
knowing, 20
hes, 90
singer, 20
vibes, 37
watch, 445
then, 139
queen, 67
guests, 25
been, 474
bad, 65
good, 515
luck, 53
voting, 59
glad, 65
make, 308
ask, 63
playing, 86
shows, 59
2021, 129
might, 66
onto, 12
something, 147
taking, 80
advice, 17
aka, 21
shes, 54
even, 151
old, 89
enough, 69
any, 129
literally, 27
comment, 19
bring, 81
tour, 111
hey, 102
please, 222
teach, 12
how, 564
without, 74
hard, 133
which, 131
or, 328
known, 20
already, 84
gets, 39
take, 240
another, 137
order, 51
pls, 11
will, 645
bringing, 41
hair, 48
every, 262
commercial, 19
break, 42
mix, 16
keeping, 39
school, 65
turned, 25
own, 118
hop, 15
over, 237
see, 609
ya, 115
night, 290
great, 424
give, 140
away, 112
realize, 11
maybe, 45
point, 32
power, 95
by, 927
sir, 49
daddy, 20
episode, 236
eye, 26
worry, 14
face, 44
given, 28
yes, 173
easter, 39
sunday, 121
da, 117
morning, 198
head, 80
show, 361
whatever, 30
out, 1231
tiktok, 30
an, 758
live, 461
while, 116
hear, 135
sing, 33
named, 15
former, 20
omg, 61
real, 153
audience, 11
24, 43
thank, 1139
cause, 51
these, 311
babies, 23
grateful, 79
weve, 85
think, 240
amp, 1020
brother, 95
sister, 26
past, 42
life, 306
2, 288
hip, 12
u, 316
runs, 12
world, 344
everyone, 264
edition, 79
need, 277
yourself, 89
sometimes, 32
cant, 403
moms, 19
running, 27
door, 18
here, 624
actually, 69
surprised, 20
looks, 66
open, 99
tweeting, 14
would, 184
fight, 87
ur, 31
judge, 28
tell, 102
monday, 88
3rd, 21
coffee, 21
thing, 130
again, 172
came, 55
ending, 16
definitely, 35
game, 165
drink, 39
twice, 12
saw, 54
coming, 265
else, 51
sees, 12
vs, 67
stopped, 17
mom, 62
she, 227
heres, 139
some, 448
someone, 79
tells, 20
aint, 53
nice, 62
change, 124
sweet, 63
bro, 82
list, 45
taste, 20
hollywood, 26
march, 70
spirit, 41
fighting, 35
go, 552
home, 175
youll, 59
single, 97
should, 152
play, 105
together, 184
does, 89
energy, 64
eat, 26
dinner, 24
shot, 49
apple, 17
course, 49
fake, 25
yall, 275
weird, 26
luv, 22
hold, 45
87c, 51
heard, 65
madness, 13
received, 19
rock, 50
group, 32
sending, 82
showtime, 17
add, 20
brought, 31
moves, 16
called, 64
jobs, 15
heart, 120
journey, 63
work, 262
instead, 11
hell, 35
15, 105
smile, 34
win, 123
may, 205
baby, 100
said, 120
fire, 35
gold, 31
never, 240
more, 603
than, 228
1st, 51
wrap, 11
auditions, 13
there, 308
couple, 41
dark, 17
final, 94
drama, 18
telling, 23
comes, 61
steal, 12
likes, 12
age, 24
golden, 23
ticket, 20
ready, 250
start, 112
finish, 26
line, 61
sure, 142
half, 25
image, 13
figure, 13
remember, 92
could, 150
dance, 54
other, 162
piece, 42
tickets, 136
heaven, 11
twitter, 68
concert, 54
pics, 22
didnt, 102
happen, 39
being, 224
fun, 212
ar, 12
sorry, 73
nobody, 12
thinking, 58
less, 57
lewis, 13
felt, 37
belong, 15
park, 31
thanks, 433
care, 61
wanna, 50
history, 71
books, 50
latest, 74
rt, 5141
video, 527
off, 240
album, 274
1, 283
jimmy, 38
peaches, 20
fallontonight, 23
listening, 57
party, 103
celebrate, 117
earthday, 19
favorites, 24
share, 162
help, 291
save, 55
planet, 37
6pm, 36
art, 45
miss, 201
minutes, 76
paris, 51
special, 260
premieres, 26
check, 278
experience, 65
youtube, 105
presenting, 12
cover, 87
star, 53
read, 100
story, 139
photos, 21
ryan, 11
starting, 62
spot, 21
28, 18
april, 64
4pm, 12
pst, 65
says, 55
collab, 32
makes, 85
drive, 17
performing, 33
atl, 11
17, 17
guys, 242
incredible, 158
support, 260
lonely, 13
triple, 13
deluxe, 29
ht, 27
freedom, 19
platforms, 19
doc, 11
amazing, 259
happy, 850
proud, 287
holy, 18
wow, 109
clubhouse, 16
crew, 31
whats, 168
doing, 161
5pm, 38
solo, 13
debut, 45
icymi, 14
feel, 147
radio, 33
hanging, 25
justin, 17
7, 84
listen, 208
dropped, 56
features, 18
years, 337
name, 51
jus, 11
ca, 18
join, 300
release, 55
collection, 231
added, 73
himself, 24
digital, 43
case, 26
well, 276
day, 772
set, 135
global, 66
place, 100
far, 63
performances, 24
die, 17
track, 51
6, 64
super, 119
thankful, 21
part, 195
such, 164
wanted, 88
red, 43
store, 34
stream, 67
covers, 15
w, 168
ft, 58
exclusive, 70
copy, 25
him, 171
heal, 13
featuring, 49
11, 43
ago, 101
today, 647
studio, 37
knew, 47
needed, 38
vid, 14
available, 230
hour, 68
until, 95
drops, 33
released, 37
hours, 75
three, 45
till, 23
wait, 265
5, 125
lets, 333
honor, 86
supporting, 49
9pm, 37
friday, 147
days, 147
georgia, 81
band, 24
premiere, 89
tiny, 29
de, 624
3, 181
announced, 21
brand, 92
second, 48
dropping, 48
around, 108
socks, 13
joining, 51
tv, 40
4, 106
country, 92
winner, 38
grammys, 19
ever, 247
caught, 11
both, 81
truly, 68
theres, 96
humanity, 12
empathy, 12
director, 29
actress, 13
letter, 15
preorder, 43
itunes, 24
pop, 41
vibe, 27
action, 44
h, 92
repeat, 23
amazon, 17
directed, 34
oscar, 17
wants, 39
movie, 73
stop, 121
somebody, 12
version, 50
small, 51
continue, 55
conversation, 84
cannot, 34
simply, 15
making, 168
using, 55
g, 46
pain, 16
leave, 40
each, 86
wrong, 36
broken, 11
boy, 58
attention, 36
hit, 118
13, 37
11am, 18
house, 73
valentines, 50
since, 113
changes, 11
film, 131
documentary, 28
million, 74
officially, 48
reached, 11
started, 96
strong, 61
info, 19
th, 96
opening, 30
sets, 17
havent, 60
merch, 66
kick, 27
tuned, 23
site, 29
st, 38
virtual, 63
til, 16
ring, 34
hugs, 11
fans, 108
recording, 13
god, 108
uk, 99
issue, 30
went, 66
greatest, 46
street, 19
tracks, 26
fearless, 16
mo, 32
feat, 43
todays, 82
p, 75
things, 159
changed, 31
sent, 39
kids, 149
they, 359
2020, 127
chill, 16
writing, 33
based, 16
avoid, 20
pretty, 35
f, 56
counting, 13
jump, 14
brave, 18
filled, 23
parts, 14
honored, 88
project, 52
friends, 172
remix, 63
appreciate, 49
produced, 18
ive, 223
loving, 63
theyve, 15
hi, 104
let, 179
releasing, 12
co, 24
reason, 33
deeply, 15
joke, 15
safely, 11
crossed, 12
praying, 27
senate, 20
rights, 23
mood, 41
board, 12
test, 36
4th, 32
whos, 108
gonna, 84
18, 23
later, 43
cd, 11
taylor, 15
thrilled, 32
mind, 45
folklore, 22
ladies, 25
same, 80
universe, 14
sweetest, 17
con, 100
chapter, 19
means, 62
hand, 42
dancing, 53
girl, 140
completely, 17
bonus, 18
bye, 13
boxing, 17
genius, 13
because, 145
also, 118
paul, 12
kind, 76
friend, 194
steps, 11
lover, 11
hearing, 24
news, 99
huge, 65
fan, 65
seeing, 57
create, 51
magic, 72
dad, 30
watched, 44
interview, 89
knows, 30
better, 174
s, 117
waiting, 48
meeting, 21
happening, 47
treatment, 11
working, 127
tribute, 16
remembering, 15
birthday, 367
reading, 33
tweet, 72
nothing, 65
review, 21
print, 17
hang, 17
tweets, 14
physical, 13
idea, 55
lot, 128
answer, 39
page, 27
chat, 69
follow, 67
midnight, 29
designers, 11
following, 20
helped, 32
able, 52
videos, 36
continues, 32
include, 13
holiday, 86
turning, 16
lucky, 50
number, 50
why, 196
loved, 105
creating, 35
found, 59
ways, 46
albums, 15
couldnt, 72
try, 85
feels, 48
9th, 12
record, 67
east, 25
shoot, 48
talk, 138
respect, 53
wishing, 74
self, 28
tree, 14
spotify, 18
cute, 42
thought, 91
id, 42
asked, 32
use, 151
retweet, 21
liked, 12
talented, 38
earth, 25
woman, 55
fact, 25
mad, 17
yeah, 42
sad, 40
finishing, 13
l, 51
talking, 70
personal, 35
wa, 20
cry, 14
long, 105
disney, 18
everywhere, 53
announcement, 28
seen, 76
recent, 13
sale, 103
masters, 11
person, 70
alive, 18
showing, 25
young, 90
election, 39
stunning, 23
important, 102
along, 31
signed, 56
items, 45
cat, 16
stuck, 11
inside, 35
limited, 59
yours, 69
per, 18
purchase, 18
spoke, 19
joe, 33
biden, 26
president, 63
breath, 11
wonderful, 90
showed, 17
awards, 36
anything, 51
bout, 19
town, 16
theme, 15
worked, 28
those, 160
ni, 11
fit, 22
different, 64
details, 28
skills, 13
inspiration, 36
donald, 16
trumps, 17
leadership, 22
crisis, 29
aware, 12
pr, 16
instagram, 52
trip, 37
free, 113
grab, 37
company, 30
behindthescenes, 16
nearly, 11
wine, 22
secret, 21
text, 46
original, 75
blessed, 39
tuesday, 45
spent, 19
dreaming, 12
whole, 76
saturday, 54
plans, 19
inner, 15
o, 284
yep, 19
emotional, 27
shout, 25
vinyl, 16
tried, 36
losing, 14
run, 40
wild, 32
result, 15
told, 42
stories, 45
ab, 28
30, 67
editor, 16
david, 44
brilliant, 61
surprise, 37
8th, 13
entire, 41
executive, 13
extraordinary, 18
family, 231
everything, 113
recently, 20
gives, 32
opportunity, 48
personally, 11
decision, 15
june, 38
post, 49
court, 26
voted, 26
black, 182
their, 350
stand, 55
asking, 25
consider, 11
ho, 40
status, 17
racism, 17
heroes, 16
violence, 14
standing, 13
july, 35
due, 19
state, 47
grand, 13
funds, 11
fyi, 11
white, 47
sitting, 25
sick, 19
racist, 13
choose, 27
between, 61
health, 84
ha, 58
article, 18
changing, 20
local, 32
racial, 15
club, 44
city, 81
streaming, 55
b, 90
seems, 25
pic, 21
aww, 29
safe, 80
touched, 13
yay, 13
airs, 17
10pm, 15
10p, 16
et, 137
internet, 20
ps, 12
ones, 61
struggling, 11
conversations, 16
memories, 31
september, 17
absolutely, 65
oh, 110
duty, 11
pick, 27
skin, 45
hate, 27
zoom, 21
early, 67
high, 48
putting, 28
happened, 41
yesterday, 45
atlanta, 13
pm, 67
feelin, 12
lil, 48
foundation, 27
500, 12
wear, 40
end, 71
police, 32
against, 63
playlist, 68
cream, 37
tired, 12
lol, 97
skincare, 19
prayers, 42
arent, 33
february, 26
legend, 84
em, 99
summer, 62
road, 32
man, 224
x, 306
sky, 14
artist, 49
writer, 12
fashion, 22
box, 29
apply, 11
ends, 21
statement, 14
volume, 11
copies, 14
december, 26
26th, 14
26, 16
pro, 16
beauty, 48
introducing, 36
ne, 11
lie, 14
shine, 16
straight, 18
dat, 11
stores, 17
woke, 15
wish, 93
makeup, 15
winners, 13
congratulations, 149
nevada, 11
voters, 35
ballot, 25
ba, 17
count, 23
lip, 45
october, 27
20th, 20
recovery, 28
2nd, 30
savagexfentyshow, 19
protecting, 12
mini, 18
gang, 21
wont, 60
saying, 33
current, 15
system, 21
ki, 37
polls, 20
voter, 23
register, 23
stock, 22
ima, 15
hospital, 22
re, 25
experienced, 15
dead, 19
cheers, 23
afternoon, 12
total, 11
fat, 11
water, 64
yet, 104
link, 119
access, 27
shop, 103
challenge, 56
y, 233
quite, 23
travel, 18
lost, 91
leaders, 39
mr, 39
hero, 29
thoughts, 50
wit, 27
green, 15
matter, 30
deserve, 27
obsessed, 26
beautiful, 203
healthy, 27
pl, 11
easy, 38
john, 32
culture, 25
exclusively, 22
sign, 62
sold, 38
leaving, 12
boo, 21
robyn, 23
sis, 20
shoes, 35
designed, 27
turns, 18
prime, 14
throwback, 27
launched, 27
talks, 32
met, 40
shit, 86
yo, 101
ass, 27
selling, 13
office, 22
girls, 68
created, 41
calls, 19
covid19, 107
response, 20
pull, 18
guest, 65
mins, 20
ig, 39
celebration, 41
capsule, 20
truth, 37
wearing, 36
mine, 57
award, 34
gift, 71
sexy, 16
selfie, 11
australia, 16
force, 13
strength, 26
inspiring, 47
m, 69
teamed, 21
inspired, 57
category, 11
side, 62
trouble, 13
click, 54
government, 17
kill, 16
1000, 15
crazy, 70
incredibly, 30
team, 246
months, 41
si, 45
fav, 21
book, 167
within, 11
used, 35
holidays, 32
theyre, 41
including, 49
pink, 19
style, 26
fund, 15
critical, 20
research, 11
women, 92
thru, 16
12th, 15
pieces, 27
styled, 11
sooo, 13
magical, 26
quick, 31
forgot, 12
act, 36
killed, 31
moments, 38
lit, 12
21, 23
chicken, 20
walk, 26
type, 16
100, 58
breaking, 36
natural, 16
protect, 45
built, 13
exactly, 20
invest, 16
communities, 18
community, 57
step, 46
often, 16
breonna, 11
rose, 32
sean, 11
families, 40
affected, 28
information, 14
stuff, 36
light, 50
hashtag, 20
trending, 15
beyond, 40
ideas, 26
spread, 23
allowed, 12
message, 60
father, 38
plus, 29
weekend, 86
hardest, 12
job, 60
become, 49
prince, 27
challenges, 16
raising, 18
experiences, 12
returns, 31
hometown, 11
american, 33
despite, 11
four, 32
wrote, 36
little, 171
tom, 17
host, 32
harris, 18
ti, 19
7pm, 21
votes, 20
christmas, 138
gt, 17
runoff, 17
thursday, 58
hosted, 17
voices, 20
short, 22
alongside, 21
veterans, 13
service, 23
class, 27
war, 26
pride, 17
offer, 12
iconic, 35
e, 220
six, 15
democracy, 31
promise, 23
workers, 32
childhood, 16
cancer, 17
awareness, 15
month, 68
visit, 40
website, 15
calling, 28
county, 13
national, 38
anthem, 13
blake, 18
front, 39
children, 67
breaks, 17
nba, 25
minute, 29
recorded, 11
learning, 30
fbf, 13
ad, 42
fox, 11
speed, 17
allow, 12
itself, 18
blacklivesmatter, 22
lockdown, 27
goat, 14
dave, 13
york, 27
paid, 19
deserves, 17
murdered, 13
imagine, 18
bet, 15
unity, 17
salute, 20
donating, 14
press, 14
dr, 44
anthony, 14
trollsworldtour, 11
online, 53
musical, 17
land, 13
r, 39
10am, 22
touch, 13
soundtrack, 19
icon, 17
epic, 42
weeks, 89
est, 66
starring, 16
vi, 11
living, 33
room, 41
jam, 12
guy, 68
below, 40
donate, 42
stay, 169
calm, 21
tap, 13
10th, 13
lyric, 22
food, 55
po, 27
wednesday, 36
pumped, 13
upcoming, 18
ahead, 51
official, 78
countdown, 20
pt, 48
sound, 36
theaters, 27
soul, 41
worst, 21
played, 39
stronger, 19
discover, 71
gave, 37
dreams, 36
difference, 18
others, 44
fam, 31
child, 43
grow, 20
beat, 18
cooking, 16
india, 73
needs, 67
raise, 29
helping, 60
vaccinated, 11
santa, 15
games, 20
round, 24
giving, 72
gifts, 24
enter, 40
send, 65
vaccines, 23
oxygen, 21
medical, 18
taught, 20
understand, 35
nft, 80
auction, 24
chance, 87
money, 56
bid, 26
dogs, 16
especially, 31
learn, 51
sense, 21
goes, 45
talked, 20
having, 140
kid, 29
timeless, 13
dog, 31
pandemic, 47
afraid, 14
sleep, 38
positivity, 11
air, 22
comedy, 24
grammy, 15
flowers, 22
sat, 15
trailer, 52
exciting, 48
smith, 17
thi, 12
decided, 21
spend, 24
comfortable, 11
interesting, 16
animal, 17
facts, 21
daily, 25
basketball, 17
6th, 13
channel, 49
ch, 12
arrived, 30
delivery, 15
insane, 23
address, 15
bunch, 13
lives, 70
middle, 26
looked, 19
nick, 12
warriors, 20
netflix, 25
chair, 13
hat, 15
5th, 23
anniversary, 68
alright, 15
cast, 54
kelly, 17
princess, 11
guess, 47
present, 16
fresh, 27
messages, 18
98c, 22
fear, 24
chocolate, 11
producer, 19
thinks, 12
audio, 12
decades, 20
missing, 25
magazine, 14
career, 40
9am, 31
el, 221
card, 17
14, 28
laugh, 35
jennifer, 14
five, 25
prize, 19
los, 114
reminder, 27
mental, 31
issues, 16
catch, 76
internationalwomensday, 19
goals, 22
crime, 11
everybody, 38
blown, 13
either, 14
tbt, 70
fully, 15
discuss, 20
shape, 15
body, 34
missed, 46
movies, 28
extremely, 19
taken, 22
path, 11
belated, 13
damn, 48
smart, 14
covid, 60
vaccine, 39
success, 42
suit, 23
mask, 27
least, 36
closet, 23
peoples, 12
bright, 11
broke, 12
bu, 13
swimming, 17
stars, 33
born, 20
main, 27
happiness, 44
20, 82
hits, 35
1111, 14
reveal, 14
britneyspears, 21
thesocialcelebrity, 16
pcas, 17
britney, 19
fantasy, 13
beach, 19
fave, 20
countries, 18
france, 13
legendary, 43
decade, 17
2016, 11
folks, 24
clear, 12
purple, 12
dear, 64
shared, 21
healthcare, 14
reasons, 15
angeles, 18
la, 266
giveaway, 12
november, 16
li, 13
outside, 24
loves, 35
credit, 16
difficult, 29
focus, 21
tough, 27
merry, 39
bold, 11
filming, 24
blackfriday, 11
2018, 12
boys, 64
picture, 34
cut, 20
works, 25
meant, 14
absolute, 28
words, 79
mother, 26
nature, 14
2019, 33
youth, 14
practice, 13
workout, 16
mark, 25
calendar, 12
double, 27
fo, 21
sam, 12
football, 44
educate, 11
further, 11
shipping, 12
correct, 12
products, 14
enjoy, 108
essential, 17
millions, 19
americans, 18
everyday, 31
reality, 26
newest, 24
heartbreaking, 14
powerful, 51
mothers, 34
international, 44
29, 12
vision, 17
collaboration, 37
kardashiankloset, 28
orders, 13
purpose, 17
delicious, 17
fragrance, 11
hands, 50
duo, 12
perfect, 77
shorty, 19
kuwtk, 315
almost, 50
walking, 20
sun, 36
eve, 35
tomorrows, 13
23, 13
title, 13
lady, 27
cutest, 15
alert, 17
kylie, 18
celebrating, 73
25, 41
wore, 12
gone, 32
vlog, 24
content, 20
leaves, 14
death, 28
buy, 34
session, 24
north, 11
sport, 19
letting, 15
wouldnt, 15
though, 38
serious, 11
bit, 57
masks, 15
agree, 19
kendall, 11
themselves, 16
outfit, 12
awesome, 60
que, 265
es, 68
en, 214
este, 45
climate, 84
feliz, 65
desde, 15
como, 42
todos, 52
estamos, 24
por, 156
above, 24
peace, 66
una, 65
niños, 11
más, 48
del, 67
innovation, 14
member, 19
para, 152
su, 28
dos, 25
nights, 28
noche, 12
se, 100
al, 49
cole, 13
un, 128
nuestra, 12
año, 23
k, 40
toronto, 14
canada, 21
tea, 12
día, 39
hoy, 37
esta, 42
partnering, 14
launch, 71
te, 60
está, 27
país, 14
blue, 22
agora, 16
shakira, 11
nominated, 30
bday, 34
muy, 35
aquí, 16
lo, 77
girllikeme, 32
chart, 13
las, 49
views, 45
nuevo, 17
barcelona, 16
billion, 24
worldwide, 16
form, 13
le, 33
happens, 26
italy, 12
muchas, 18
gracias, 87
han, 12
promo, 14
code, 18
tshirt, 13
mi, 78
importante, 12
san, 20
date, 41
22, 19
forward, 110
ver, 18
todo, 35
future, 109
feb, 15
q, 61
meals, 12
worlds, 24
risk, 13
closed, 11
dia, 33
janeiro, 19
uma, 56
miami, 35
bowl, 30
baila, 22
vamos, 76
son, 52
education, 20
key, 12
effort, 31
sea, 18
safety, 13
ensure, 23
deep, 31
takes, 41
closer, 17
wonder, 21
especial, 24
lyrics, 11
siempre, 38
amo, 14
não, 38
possible, 24
minds, 14
color, 18
talent, 52
pero, 17
note, 13
fue, 13
días, 13
bien, 15
mejor, 22
años, 29
bill, 27
felicidades, 19
player, 26
tu, 32
navidad, 11
qué, 24
nos, 33
cuando, 11
husband, 18
seu, 11
com, 63
pleasure, 43
bts, 24
oficial, 12
é, 79
mais, 32
das, 25
sur, 11
50, 36
plays, 11
opens, 12
nunca, 15
unbelievable, 19
di, 31
shoutout, 13
partners, 18
vaxlive, 20
campaign, 39
wi, 17
selena, 21
mission, 20
reach, 31
initiative, 18
rare, 12
hoping, 18
commitment, 18
partner, 36
companies, 11
staff, 14
series, 86
chef, 11
selfish, 15
hosting, 26
pack, 16
primer, 13
revelación, 19
poster, 12
ep, 39
sounds, 17
goodbye, 11
deserved, 23
control, 14
hearts, 30
eyes, 33
throughout, 12
surprises, 11
leading, 21
mouth, 12
vez, 21
pa, 34
treat, 17
presave, 20
conmigo, 17
connected, 11
lead, 26
deaths, 11
language, 14
episodes, 21
cook, 12
revelation, 42
impact, 14
secrets, 25
ahora, 19
building, 34
phone, 26
cookalong, 11
selenaandchef, 12
wishes, 50
australian, 12
eating, 13
beginning, 21
explore, 19
king, 63
build, 27
legacy, 29
facebook, 33
creative, 23
dan, 20
harry, 19
glow, 15
loud, 14
pre, 23
sneak, 19
honestly, 15
dream, 60
wake, 16
bottle, 13
wins, 22
lines, 17
center, 19
parents, 27
shown, 17
heading, 16
sisters, 12
deal, 19
entrepreneurs, 11
comments, 19
unique, 14
mama, 21
adventure, 14
tha, 42
funny, 42
lock, 11
event, 57
female, 35
j, 24
hows, 12
expect, 17
shoe, 15
speaks, 12
cost, 11
myself, 72
throwing, 12
coach, 24
scene, 19
positions, 21
amount, 11
tears, 23
dwtdtaoso, 43
monster, 14
womens, 24
3435, 17
premiering, 15
hello, 53
serve, 15
fuck, 33
happiest, 16
whether, 17
excusemeiloveyou, 11
london, 62
enjoying, 11
grande, 20
dec, 17
21st, 13
queens, 19
kidding, 13
crying, 16
vice, 57
race, 24
passed, 23
angel, 26
scary, 13
stress, 16
devil, 18
dancingwiththedevil, 19
held, 11
higher, 19
desk, 13
12pm, 13
growing, 30
thread, 19
tunes, 12
8pm, 50
cake, 11
bitch, 14
superstar, 14
pure, 16
honest, 28
um, 64
car, 30
joins, 21
demidwtd, 14
speak, 35
finale, 29
explain, 18
htt, 15
don, 15
acoustic, 17
app, 83
learned, 23
finds, 11
artists, 44
reply, 16
growth, 20
podcast, 80
unreal, 11
pay, 18
wh, 13
holding, 18
begin, 16
hashtags, 12
tag, 32
fill, 13
battle, 35
records, 15
write, 37
kevin, 19
helps, 22
dig, 12
late, 51
among, 12
benefit, 14
blood, 13
wasnt, 31
annual, 14
question, 44
raised, 11
pizza, 17
wife, 18
holi, 12
bidens, 11
plan, 33
texas, 23
towards, 23
law, 21
begins, 26
invite, 11
deepest, 12
williams, 18
everyones, 22
evening, 25
gtgt, 14
bar, 18
totally, 19
quarantine, 27
lineup, 14
hug, 15
hilarious, 22
complete, 12
train, 12
nyc, 39
aw, 13
mate, 26
sang, 12
youngrock, 43
homes, 11
roll, 17
hall, 23
although, 11
announcing, 11
sit, 23
trauma, 11
actor, 22
importance, 15
prepare, 11
courage, 19
theoprahconversation, 12
wherever, 14
download, 16
tools, 13
finished, 22
discussing, 15
robinson, 11
oscars, 15
derek, 11
oprah, 13
teams, 16
lindsay, 12
moving, 34
essay, 11
author, 20
ma, 24
generation, 13
joined, 35
rise, 16
martin, 25
jr, 21
daughter, 28
greatness, 13
ang, 61
lovely, 77
shopping, 11
inspire, 28
gratitude, 21
character, 19
hu, 11
streets, 12
famous, 16
prayer, 11
legends, 21
partnership, 26
lessons, 19
august, 16
exercise, 11
marks, 11
fantastic, 38
potential, 13
move, 45
glass, 49
characters, 13
dj, 19
choice, 30
feature, 15
ultimate, 14
return, 15
ovo, 17
drake, 28
january, 31
mixtape, 17
lane, 14
major, 27
champions, 18
chris, 17
sept, 13
businesses, 12
vacation, 11
eu, 21
men, 23
3pm, 15
dates, 24
revenge, 16
blog, 11
sales, 13
fall, 29
humbled, 12
trust, 25
winning, 37
master, 37
bless, 32
squad, 16
presents, 13
james, 20
dubai, 26
stadium, 21
understanding, 12
training, 27
jersey, 12
aap, 24
deliver, 15
role, 27
alone, 20
br, 11
became, 13
virus, 14
clean, 28
numbers, 12
disaster, 11
efforts, 20
speaking, 22
frontline, 15
malaria, 11
focused, 15
weather, 14
events, 11
urgent, 11
germany, 11
japan, 20
business, 70
united, 60
states, 26
wo, 13
leader, 24
industry, 19
importantly, 12
enjoyed, 30
students, 26
science, 23
indias, 14
jones, 12
ka, 49
40, 20
large, 11
progress, 15
clip, 12
mail, 11
busy, 15
passion, 23
europe, 20
earlier, 14
successful, 12
worth, 36
thousands, 18
teachers, 13
teacher, 17
challenging, 11
lose, 18
aid, 16
faith, 11
south, 16
loss, 21
adding, 16
orlando, 11
yessir, 14
league, 29
nah, 31
ke, 41
ou, 15
hahaha, 30
college, 14
ball, 16
hurt, 11
condolences, 27
victims, 14
36, 14
fair, 13
brothers, 21
sports, 28
platform, 20
simple, 19
athletes, 15
goodness, 11
strive, 11
dope, 17
whose, 13
pitch, 11
xmas, 12
brings, 14
none, 29
champion, 20
won, 28
silk, 16
uncle, 18
swear, 12
letsilksonicthrive, 17
connect, 11
sell, 11
bigger, 21
seriously, 17
near, 13
died, 11
fathers, 12
shooting, 26
27, 14
shame, 16
bought, 17
request, 16
kobe, 14
charlie, 14
halloween, 40
bath, 22
boom, 16
moon, 30
production, 12
crowd, 14
encourage, 12
gorgeous, 31
fucking, 29
michael, 12
xx, 25
adele, 15
manchester, 18
leo, 13
fell, 13
simon, 17
bag, 30
drinking, 14
involved, 19
factor, 13
kanye, 15
favourite, 31
brown, 17
ocean, 13
delighted, 28
dedicated, 25
grind, 14
charity, 27
xxx, 12
royal, 22
albert, 15
cinema, 13
presented, 19
listened, 19
podcasts, 13
becoming, 13
pair, 13
fellow, 14
forces, 16
yeh, 11
trump, 49
view, 13
positive, 32
jesus, 13
manager, 11
warm, 16
patience, 11
winter, 17
livestream, 17
decide, 12
management, 13
proper, 11
johnson, 16
solid, 11
tuning, 15
withoutyouremix, 11
california, 22
appreciation, 12
memory, 20
featured, 11
boss, 21
fly, 17
currently, 22
outstanding, 13
shirt, 32
lt3, 18
jan, 18
goin, 13
usa, 15
abc, 20
pt8pm, 15
seasons, 20
dressed, 11
2pm, 11
lord, 14
duet, 12
rampb, 21
babe, 13
riding, 11
wasted, 11
soooo, 11
probably, 19
kisses, 16
ice, 31
update, 20
champ, 19
demand, 17
harts, 15
comedicrockstarshit, 15
swag, 19
hustlehart, 12
hart, 12
philly, 12
bottom, 11
mentor, 13
bio, 22
zo, 12
dm, 12
fitness, 14
cup, 14
meditation, 13
program, 13
ser, 23
mexico, 11
haha, 37
projects, 18
massive, 21
situation, 14
debate, 16
escape, 11
remain, 11
provide, 29
restaurant, 16
thanksgiving, 20
tho, 20
ye, 21
wtf, 11
mike, 18
passing, 18
thx, 24
proceeds, 13
mode, 14
lmao, 17
signature, 11
staying, 17
nfts, 15
detroit, 12
via, 67
jay, 13
harder, 12
flames, 29
rip, 27
sslp20, 12
value, 12
players, 26
19, 15
product, 13
avril, 16
lavigne, 13
par, 14
na, 138
sh, 11
relief, 21
blast, 18
tix, 25
420, 14
relationship, 15
points, 19
acting, 13
members, 15
restaurants, 15
area, 11
tony, 12
hay, 17
thomas, 11
fabulous, 17
providing, 11
à, 25
será, 16
meu, 22
tem, 14
pour, 17
du, 12
cest, 15
festive, 11
festival, 38
jai, 17
joint, 17
ह, 76
म, 28
हरदक, 11
जय, 14
ज, 13
क, 103
शर, 23
आज, 11
स, 17
ji, 18
honoured, 16
रह, 11
और, 11
buddy, 15
mubarak, 13
hai, 86
indian, 18
शव, 11
mein, 35
bhi, 15
nahi, 25
aur, 36
modern, 22
england, 16
gym, 17
toh, 22
raha, 13
hoon, 12
din, 12
kya, 16
hain, 20
jacket, 18
under, 41
crypto, 18
abuse, 15
victoria, 16
island, 11
report, 25
hopefully, 19
movement, 15
kardashian, 11
match, 30
animals, 11
kingdom, 12
sip, 14
prank, 14
pe, 19
films, 19
bhai, 14
normal, 14
ko, 61
screen, 19
wealth, 12
blessings, 11
ek, 21
pray, 18
sa, 95
resources, 12
era, 25
shake, 20
cha, 11
celebrity, 19
bbc, 19
ted, 11
steve, 17
buenos, 11
donated, 11
jeans, 11
shining, 24
mas, 19
crucial, 12
beetlejuice, 13
cumpleaños, 11
emotion, 14
society, 19
political, 13
ny, 11
public, 26
novel, 14
nov, 12
elections, 11
mayor, 11
cartoon, 15
writers, 11
blind, 17
cross, 11
becomes, 12
hype, 12
pass, 12
adidas, 17
shaq, 23
teambreezy, 12
60, 14
gocrazy, 11
teaser, 14
aa, 14
saath, 11
frsh, 15
liye, 17
jo, 12
launches, 25
superb, 13
honour, 11
austin, 15
bs, 13
teamblake, 78
thevoice, 181
tunein, 12
battles, 22
subscribe, 17
boots, 19
coaches, 16
carpet, 11
os, 40
entertainment, 16
oil, 20
ambition, 15
everyvotecounts, 12
cooper, 12
makeawish, 11
childrens, 12
hilton, 17
perspective, 20
landed, 11
familia, 12
semi, 11
kit, 14
anderson, 18
smize, 11
90s, 17
snoop, 31
dogg, 25
gobigshow, 13
finals, 16
minha, 15
casa, 14
brasil, 24
juntos, 12
partido, 17
sus, 13
equipo, 35
parabéns, 19
pelo, 17
pra, 18
ronaldinho, 11
anos, 17
bruxo, 16
brasilfcb, 17
muito, 21
iniciativa, 11
sempre, 22
momentos, 11
fútbol, 21
abrazo, 11
hoje, 14
ucl, 16
contra, 12
pela, 11
gol, 16
obrigado, 19
hace, 14
quem, 19
amigo, 28
semana, 18
foi, 12
cada, 16
ao, 17
mundo, 18
estar, 12
toda, 14
barça, 25
gran, 34
placer, 11
agt, 18
eric, 15
mum, 29
centre, 12
dcfc, 15
mufc, 11
silence, 13
contact, 11
ve, 18
field, 14
sitewide, 12
fridge, 12
race2, 11
cocktail, 35
olympic, 12
photographs, 13
suerte, 18
enhorabuena, 13
seguimos, 18
apoyo, 17
iniestatv, 13
seguir, 14
iniestamethodology, 13
sobre, 17
fuerza, 12
mucha, 18
vida, 13
covidindiainfo, 29
spaceman, 44
spacemanvideo, 22
cnn, 16
manaus, 11
audible, 40
undertheskin, 18
pregnant, 14
silenceofthelambs, 14
askluda, 34
damian, 13
tennis, 13
hanx, 168
capeofgoodfilms, 20
laxmii, 13
shabinaaentertainment, 11
jakarta, 24
indonesia, 27
mau, 11
ini, 12
lunamaya, 11
yang, 21
afterlife3, 12
afterlife, 13
için, 15
çok, 14
bir, 14
halamadrid, 22
emirates, 24
teamnick, 48
otra, 11
arab, 17
vb, 51
vbaw20, 16
vbss20, 11
vbpreaw19, 29
knitwear, 11
skirt, 19
vbss19, 26
lasfinest, 89
nuestramejorvictoria, 25
thevoicekidsuk, 38
teamjessiej, 17
enhorabona, 11
visca, 13
latinx, 14
grammysaskbigsean, 26
legacyandthequeen, 17
delhi, 13
bhalla, 12
nandinibhalla, 12
foxe, 12
coys, 18
wipeout, 13
dreamville, 13
despicableme3, 12
teamlegend, 60
qbfc, 15
asturiasparaisonatural, 12
veranoenasturias, 11
stayme7o, 47
tyga, 37
loko, 13
mga, 49
ng, 91
salamat, 19
lang, 12
ako, 12
theequalizer, 145
banjo, 11
thanx, 13
u2luv, 16
vibewithfive, 19
toofaanteaser, 34
phantom, 32
sfb, 13
hwstyle, 37
expeditiously, 11
buzzcity, 22
ganda, 36
nyo, 13
asap26, 14
twitterverse, 28
